anno,codice_regione,regione,maschi,femmine,totale,perc_femmine
2015,01,Piemonte,23521,22694,46215,49.1
2015,02,Valle d'Aosta,517,476,993,47.9
2015,03,Lombardia,51791,49191,100982,48.7
2015,04,Trentino-Alto Adige,6745,6053,12798,47.3
2015,05,Veneto,20290,19691,39981,49.3
2015,06,Friuli-Venezia Giulia,6047,6093,12140,50.2
2015,07,Liguria,12281,10590,22871,46.3
2015,08,Emilia-Romagna,31877,29599,61476,48.1
2015,09,Toscana,36037,32898,68935,47.7
2015,10,Umbria,8208,7658,15866,48.3
2015,11,Marche,10040,9953,19993,49.8
2015,12,Lazio,12588,11674,24262,48.1
2015,13,Abruzzo,7001,6529,13530,48.3
2015,14,Molise,436,411,847,48.5
2015,15,Campania,4066,3101,7167,43.3
2015,16,Puglia,11812,11377,23189,49.1
2015,17,Basilicata,904,857,1761,48.7
2015,18,Calabria,1490,1414,2904,48.7
2015,19,Sicilia,4212,3597,7809,46.1
2015,20,Sardegna,393,370,763,48.5
2020,01,Piemonte,19909,19422,39331,49.4
2020,02,Valle d'Aosta,370,325,695,46.8
2020,03,Lombardia,44230,43629,87859,49.7
2020,04,Trentino-Alto Adige,5992,5433,11425,47.6
2020,05,Veneto,16291,16085,32376,49.7
2020,06,Friuli-Venezia Giulia,4744,4765,9509,50.1
2020,07,Liguria,10880,9772,20652,47.3
2020,08,Emilia-Romagna,29501,27647,57148,48.4
2020,09,Toscana,30028,28197,58225,48.4
2020,10,Umbria,6118,5892,12010,49.1
2020,11,Marche,7423,7427,14850,50.0
2020,12,Lazio,11703,11090,22793,48.7
2020,13,Abruzzo,5542,5313,10855,48.9
2020,14,Molise,375,374,749,49.9
2020,15,Campania,3974,3291,7265,45.3
2020,16,Puglia,10866,10395,21261,48.9
2020,17,Basilicata,1068,989,2057,48.1
2020,18,Calabria,1398,1379,2777,49.7
2020,19,Sicilia,4751,4348,9099,47.8
2020,20,Sardegna,322,333,655,50.8
2025,01,Piemonte,19798,18766,38564,48.7
2025,02,Valle d'Aosta,392,325,717,45.3
2025,03,Lombardia,41684,40713,82397,49.4
2025,04,Trentino-Alto Adige,6531,5841,12372,47.2
2025,05,Veneto,16018,15083,31101,48.5
2025,06,Friuli-Venezia Giulia,4822,4572,9394,48.7
2025,07,Liguria,11391,9956,21347,46.6
2025,08,Emilia-Romagna,28964,26611,55575,47.9
2025,09,Toscana,28762,26736,55498,48.2
2025,10,Umbria,5083,4954,10037,49.4
2025,11,Marche,7394,7123,14517,49.1
2025,12,Lazio,12179,11489,23668,48.5
2025,13,Abruzzo,5727,5450,11177,48.8
2025,14,Molise,308,313,621,50.4
2025,15,Campania,5116,4493,9609,46.8
2025,16,Puglia,9726,9943,19669,50.6
2025,17,Basilicata,1432,1421,2853,49.8
2025,18,Calabria,1472,1450,2922,49.6
2025,19,Sicilia,6099,5674,11773,48.2
2025,20,Sardegna,418,393,811,48.5
