paese,anno,cittadinanze,flag
Austria,2002,138,
Austria,2003,154,
Austria,2004,162,
Austria,2005,120,
Austria,2006,117,
Austria,2007,30,
Austria,2008,37,b
Austria,2009,34,
Austria,2010,28,
Austria,2011,24,
Austria,2012,25,
Austria,2013,25,
Austria,2014,23,
Austria,2015,55,
Austria,2016,48,
Austria,2017,50,
Austria,2018,61,
Austria,2019,99,
Austria,2020,67,
Austria,2021,96,
Austria,2022,66,
Austria,2023,56,
Austria,2024,81,
Belgium,2002,160,
Belgium,2003,173,
Belgium,2004,293,
Belgium,2005,297,
Belgium,2006,341,
Belgium,2007,392,
Belgium,2008,423,
Belgium,2009,310,
Belgium,2010,334,
Belgium,2011,216,
Belgium,2012,369,
Belgium,2013,427,
Belgium,2014,256,
Belgium,2015,460,
Belgium,2016,560,
Belgium,2017,571,
Belgium,2018,390,
Belgium,2019,353,
Belgium,2020,317,
Belgium,2021,365,
Belgium,2022,477,
Belgium,2023,588,
Belgium,2024,635,
Bulgaria,2002,50,
Bulgaria,2003,65,
Bulgaria,2004,86,
Bulgaria,2005,35,
Bulgaria,2006,53,
Bulgaria,2007,52,
Bulgaria,2008,66,
Bulgaria,2009,11,b
Bulgaria,2010,18,
Bulgaria,2011,10,
Bulgaria,2012,30,
Bulgaria,2013,10,
Bulgaria,2014,6,p
Bulgaria,2015,16,
Bulgaria,2016,12,
Bulgaria,2017,3,
Bulgaria,2018,9,
Bulgaria,2019,11,
Bulgaria,2020,13,
Bulgaria,2021,35,
Bulgaria,2022,10,
Bulgaria,2023,5,
Bulgaria,2024,0,
Belarus,2006,0,
Belarus,2007,0,
Switzerland,2002,41,
Switzerland,2003,48,
Switzerland,2004,62,
Switzerland,2005,57,
Switzerland,2006,78,
Switzerland,2007,109,
Switzerland,2008,66,
Switzerland,2009,62,
Switzerland,2010,75,
Switzerland,2011,63,
Switzerland,2012,69,
Switzerland,2013,36,
Switzerland,2014,40,
Switzerland,2015,53,
Switzerland,2016,63,
Switzerland,2017,51,
Switzerland,2018,54,
Switzerland,2019,36,
Switzerland,2020,27,
Switzerland,2021,47,
Switzerland,2022,57,
Switzerland,2023,58,
Switzerland,2024,47,
Cyprus,2002,1,
Cyprus,2003,9,
Cyprus,2006,12,
Cyprus,2007,3,
Cyprus,2008,11,b
Cyprus,2009,16,
Cyprus,2010,19,
Cyprus,2011,10,
Cyprus,2012,3,
Cyprus,2013,8,
Cyprus,2014,7,
Cyprus,2015,11,
Cyprus,2016,17,
Cyprus,2017,19,
Cyprus,2018,3,
Cyprus,2019,5,
Cyprus,2020,6,
Cyprus,2021,4,
Cyprus,2022,3,
Cyprus,2023,13,
Cyprus,2024,1,
Czechia,2002,1,
Czechia,2003,0,
Czechia,2004,5,
Czechia,2005,4,
Czechia,2006,5,
Czechia,2007,3,
Czechia,2008,1,
Czechia,2009,1,
Czechia,2010,2,
Czechia,2012,3,
Czechia,2013,2,
Czechia,2014,5,
Czechia,2015,12,
Czechia,2016,12,
Czechia,2017,5,
Czechia,2018,6,
Czechia,2019,6,
Czechia,2020,2,
Czechia,2021,6,
Czechia,2022,14,
Czechia,2023,3,
Czechia,2024,5,
Germany,2002,704,
Germany,2003,632,
Germany,2004,540,
Germany,2005,380,
Germany,2006,560,
Germany,2007,439,
Germany,2008,344,
Germany,2009,267,
Germany,2010,354,
Germany,2011,226,
Germany,2012,279,
Germany,2013,274,
Germany,2014,227,
Germany,2015,289,
Germany,2016,250,
Germany,2017,374,
Germany,2018,340,p
Germany,2019,485,
Germany,2020,385,
Germany,2021,480,
Germany,2022,465,
Germany,2023,485,
Germany,2024,3110,
Denmark,2002,4,
Denmark,2003,1,
Denmark,2004,4,
Denmark,2005,2,
Denmark,2006,6,
Denmark,2007,3,
Denmark,2008,14,
Denmark,2009,8,
Denmark,2010,6,
Denmark,2011,12,
Denmark,2012,7,
Denmark,2013,5,
Denmark,2014,1,
Denmark,2015,11,
Denmark,2016,17,
Denmark,2017,22,
Denmark,2018,7,
Denmark,2019,1,
Denmark,2020,5,
Denmark,2021,7,
Denmark,2022,14,
Denmark,2023,0,
Denmark,2024,7,
Estonia,2002,0,
Estonia,2004,0,
Estonia,2006,0,
Estonia,2007,0,
Estonia,2008,0,
Estonia,2009,0,
Estonia,2010,0,
Estonia,2011,0,
Estonia,2012,0,
Estonia,2013,0,
Estonia,2014,0,
Estonia,2015,0,
Estonia,2016,0,b
Estonia,2017,0,
Estonia,2018,0,
Estonia,2019,0,
Estonia,2020,0,
Estonia,2021,0,
Estonia,2022,0,
Estonia,2023,0,
Estonia,2024,0,
Greece,2007,2558,
Greece,2008,9996,
Greece,2009,14271,
Greece,2010,6059,
Greece,2011,15452,
Greece,2012,17396,
Greece,2013,25830,
Greece,2014,18409,
Greece,2015,11615,
Greece,2016,28548,
Greece,2017,29769,
Greece,2018,24203,
Greece,2019,14050,
Greece,2020,10795,
Greece,2021,7736,
Greece,2022,9631,
Greece,2023,9943,
Greece,2024,10709,
Spain,2002,11,
Spain,2003,8,
Spain,2004,12,
Spain,2005,15,
Spain,2006,21,
Spain,2007,26,
Spain,2008,39,
Spain,2009,24,
Spain,2010,26,
Spain,2011,42,
Spain,2012,30,
Spain,2013,61,b
Spain,2014,69,
Spain,2015,33,
Spain,2016,42,
Spain,2017,15,
Spain,2018,38,
Spain,2019,81,
Spain,2020,96,
Spain,2021,92,
Spain,2022,131,
Spain,2023,101,
Spain,2024,144,
Finland,2002,1,
Finland,2003,6,
Finland,2004,7,
Finland,2005,11,
Finland,2006,1,
Finland,2007,2,
Finland,2008,9,
Finland,2009,4,
Finland,2010,11,
Finland,2011,8,
Finland,2012,13,
Finland,2013,18,
Finland,2014,10,
Finland,2015,10,
Finland,2016,8,
Finland,2017,24,
Finland,2018,13,
Finland,2019,23,
Finland,2020,32,
Finland,2021,15,
Finland,2022,26,
Finland,2023,51,
Finland,2024,53,
France,2004,281,
France,2005,276,
France,2007,279,
France,2008,366,
France,2009,385,
France,2010,350,
France,2011,268,
France,2012,172,
France,2013,236,
France,2014,221,
France,2015,274,
France,2016,356,
France,2017,282,
France,2018,294,
France,2019,309,
France,2020,267,
France,2021,465,
France,2022,474,
France,2023,391,
France,2024,514,
Georgia,2024,0,
Croatia,2007,3,
Croatia,2008,3,
Croatia,2009,1,
Croatia,2010,0,
Croatia,2011,0,
Croatia,2012,0,
Croatia,2013,1,
Croatia,2014,4,
Croatia,2015,1,
Croatia,2016,1,
Croatia,2017,3,
Croatia,2018,1,
Croatia,2019,3,
Croatia,2020,1,
Croatia,2021,4,
Croatia,2022,2,
Croatia,2023,0,
Croatia,2024,4,
Hungary,2002,4,
Hungary,2003,3,
Hungary,2005,1,
Hungary,2006,3,
Hungary,2007,5,
Hungary,2008,1,
Hungary,2009,1,
Hungary,2010,3,
Hungary,2011,1,
Hungary,2012,1,
Hungary,2013,2,
Hungary,2014,2,
Hungary,2015,6,
Hungary,2016,3,
Hungary,2017,1,
Hungary,2018,3,
Hungary,2019,5,
Hungary,2020,4,
Hungary,2021,7,
Hungary,2022,5,
Hungary,2023,2,
Hungary,2024,1,
Ireland,2005,15,
Ireland,2006,18,
Ireland,2007,7,
Ireland,2008,44,
Ireland,2009,30,
Ireland,2010,39,
Ireland,2011,76,
Ireland,2012,152,
Ireland,2013,119,p
Ireland,2014,115,
Ireland,2015,78,
Ireland,2016,41,
Ireland,2017,14,
Ireland,2018,26,
Ireland,2019,13,
Ireland,2020,25,
Ireland,2021,57,
Ireland,2022,77,
Ireland,2023,95,
Ireland,2024,156,
Iceland,2002,0,
Iceland,2007,4,
Iceland,2008,10,
Iceland,2009,11,
Iceland,2010,0,
Iceland,2011,0,
Iceland,2012,0,
Iceland,2013,1,
Iceland,2014,3,
Iceland,2015,2,
Iceland,2016,9,
Iceland,2017,0,
Iceland,2018,1,
Iceland,2019,1,
Iceland,2020,0,
Iceland,2021,4,
Iceland,2022,4,
Iceland,2023,12,
Iceland,2024,10,
Italy,2003,830,
Italy,2008,4546,
Italy,2009,9523,
Italy,2010,9129,
Italy,2011,8101,
Italy,2012,9493,
Italy,2013,13671,
Italy,2014,21148,
Italy,2015,35134,
Italy,2016,36920,
Italy,2017,27112,
Italy,2018,21841,
Italy,2019,26033,
Italy,2020,28107,
Italy,2021,22493,
Italy,2022,38129,
Italy,2023,31728,
Italy,2024,31643,
Liechtenstein,2002,0,
Liechtenstein,2003,0,
Liechtenstein,2004,0,
Liechtenstein,2005,0,
Liechtenstein,2006,0,
Liechtenstein,2007,0,
Liechtenstein,2008,0,
Liechtenstein,2009,0,
Liechtenstein,2010,0,
Liechtenstein,2011,0,
Liechtenstein,2012,0,
Liechtenstein,2013,0,
Liechtenstein,2014,0,
Liechtenstein,2015,0,
Liechtenstein,2016,0,
Liechtenstein,2017,0,
Liechtenstein,2018,0,
Liechtenstein,2019,0,
Liechtenstein,2020,0,
Liechtenstein,2021,0,
Liechtenstein,2022,0,
Liechtenstein,2023,0,
Liechtenstein,2024,0,
Lithuania,2004,0,
Lithuania,2005,0,
Lithuania,2006,0,
Lithuania,2007,0,
Lithuania,2008,0,
Lithuania,2009,0,
Lithuania,2010,1,
Lithuania,2011,0,
Lithuania,2012,0,
Lithuania,2013,0,
Lithuania,2014,0,
Lithuania,2015,1,
Lithuania,2016,0,
Lithuania,2017,1,
Lithuania,2018,0,
Lithuania,2019,0,
Lithuania,2020,0,
Lithuania,2021,0,
Lithuania,2022,0,
Lithuania,2023,0,
Lithuania,2024,0,
Luxembourg,2002,1,
Luxembourg,2003,3,
Luxembourg,2004,9,
Luxembourg,2005,10,
Luxembourg,2006,15,
Luxembourg,2007,21,
Luxembourg,2008,24,
Luxembourg,2009,33,
Luxembourg,2010,9,
Luxembourg,2011,8,
Luxembourg,2012,8,
Luxembourg,2013,5,
Luxembourg,2014,10,
Luxembourg,2015,8,
Luxembourg,2016,15,
Luxembourg,2017,27,
Luxembourg,2018,31,
Luxembourg,2019,33,
Luxembourg,2020,16,
Luxembourg,2021,27,
Luxembourg,2022,39,
Luxembourg,2023,46,
Luxembourg,2024,42,
Latvia,2002,0,
Latvia,2003,0,
Latvia,2004,0,
Latvia,2005,0,
Latvia,2006,0,
Latvia,2007,0,
Latvia,2008,0,
Latvia,2009,0,
Latvia,2010,0,p
Latvia,2012,0,
Latvia,2013,0,
Latvia,2014,0,
Latvia,2015,1,
Latvia,2016,2,
Latvia,2017,0,
Latvia,2018,1,
Latvia,2019,0,
Latvia,2020,0,
Latvia,2021,2,
Latvia,2022,0,
Latvia,2023,0,
Latvia,2024,0,
North Macedonia,2002,904,
North Macedonia,2005,159,
North Macedonia,2006,166,
North Macedonia,2007,114,
Malta,2007,2,
Malta,2008,0,
Malta,2009,4,
Malta,2010,4,
Malta,2011,4,
Malta,2012,12,
Malta,2013,3,
Malta,2014,2,
Malta,2015,1,
Malta,2016,3,
Malta,2017,1,
Malta,2018,8,
Malta,2019,5,
Malta,2020,8,
Malta,2021,8,
Malta,2022,3,
Malta,2023,0,
Malta,2024,5,
Netherlands,2002,37,
Netherlands,2003,29,
Netherlands,2004,15,
Netherlands,2005,25,
Netherlands,2006,38,
Netherlands,2007,37,
Netherlands,2008,41,
Netherlands,2009,29,
Netherlands,2010,24,
Netherlands,2011,30,
Netherlands,2012,39,
Netherlands,2013,47,
Netherlands,2014,35,
Netherlands,2015,44,
Netherlands,2016,25,
Netherlands,2017,36,
Netherlands,2018,38,
Netherlands,2019,42,
Netherlands,2020,64,
Netherlands,2021,65,
Netherlands,2022,97,
Netherlands,2023,149,
Netherlands,2024,151,
Norway,2002,12,
Norway,2003,11,
Norway,2004,9,
Norway,2005,25,
Norway,2006,21,
Norway,2007,13,
Norway,2008,30,
Norway,2009,19,
Norway,2010,19,
Norway,2011,26,
Norway,2012,34,
Norway,2013,26,
Norway,2014,48,
Norway,2015,20,
Norway,2016,20,
Norway,2017,18,
Norway,2018,30,
Norway,2019,5,
Norway,2020,59,
Norway,2021,89,
Norway,2022,91,
Norway,2023,75,
Norway,2024,76,
Poland,2002,1,
Poland,2003,1,
Poland,2004,2,
Poland,2005,0,
Poland,2006,5,
Poland,2007,2,
Poland,2008,1,
Poland,2009,5,
Poland,2010,9,
Poland,2011,8,
Poland,2012,12,
Poland,2013,3,
Poland,2014,8,
Poland,2015,9,p
Poland,2016,10,
Poland,2017,4,
Poland,2018,3,ep
Poland,2019,7,ep
Poland,2020,10,ep
Poland,2021,11,ep
Poland,2022,8,
Poland,2023,9,
Poland,2024,8,
Portugal,2002,2,
Portugal,2003,1,
Portugal,2004,0,
Portugal,2005,1,
Portugal,2006,0,
Portugal,2008,10,
Portugal,2009,5,
Portugal,2010,3,
Portugal,2011,2,
Portugal,2012,1,
Portugal,2013,3,
Portugal,2014,5,
Portugal,2015,2,
Portugal,2016,6,
Portugal,2017,2,
Portugal,2018,2,
Portugal,2019,3,
Portugal,2020,5,
Portugal,2021,3,
Portugal,2022,9,
Portugal,2023,3,
Portugal,2024,2,
Romania,2002,4,
Romania,2003,3,
Romania,2004,17,
Romania,2005,0,
Romania,2006,1,
Romania,2007,1,
Romania,2008,14,
Romania,2009,12,
Romania,2013,13,be
Romania,2014,0,e
Romania,2015,5,e
Romania,2016,4,e
Romania,2017,7,b
Romania,2018,3,
Romania,2019,2,
Romania,2020,4,
Romania,2021,5,
Romania,2022,8,
Romania,2023,8,
Romania,2024,5,
Russia,2005,0,
Sweden,2002,31,
Sweden,2003,24,
Sweden,2004,31,
Sweden,2005,57,
Sweden,2006,82,
Sweden,2007,65,
Sweden,2008,61,
Sweden,2009,61,
Sweden,2010,64,
Sweden,2011,135,
Sweden,2012,84,
Sweden,2013,84,
Sweden,2014,76,
Sweden,2015,97,
Sweden,2016,113,
Sweden,2017,197,
Sweden,2018,119,
Sweden,2019,132,
Sweden,2020,264,
Sweden,2021,384,
Sweden,2022,581,
Sweden,2023,717,
Sweden,2024,760,
Slovenia,2002,2,
Slovenia,2003,0,
Slovenia,2004,4,
Slovenia,2005,0,
Slovenia,2006,4,
Slovenia,2007,7,
Slovenia,2009,1,
Slovenia,2010,1,
Slovenia,2011,1,
Slovenia,2012,3,
Slovenia,2013,1,
Slovenia,2014,1,b
Slovenia,2015,1,
Slovenia,2016,0,
Slovenia,2017,1,
Slovenia,2018,1,
Slovenia,2019,3,
Slovenia,2020,4,
Slovenia,2021,1,
Slovenia,2022,1,
Slovenia,2023,0,
Slovenia,2024,1,
Slovakia,2002,3,
Slovakia,2003,3,
Slovakia,2004,4,
Slovakia,2005,2,
Slovakia,2006,1,
Slovakia,2007,0,
Slovakia,2008,1,
Slovakia,2009,0,
Slovakia,2010,0,
Slovakia,2011,0,
Slovakia,2012,1,
Slovakia,2013,0,
Slovakia,2014,0,
Slovakia,2015,2,
Slovakia,2016,2,
Slovakia,2017,0,
Slovakia,2018,3,
Slovakia,2019,1,
Slovakia,2020,2,
Slovakia,2021,2,
Slovakia,2022,1,
Slovakia,2023,1,
Slovakia,2024,5,
Türkiye,2003,43,
Türkiye,2004,11,
Türkiye,2005,14,
Türkiye,2006,15,
Türkiye,2007,12,
United Kingdom,2003,310,
United Kingdom,2004,315,
United Kingdom,2005,780,
United Kingdom,2006,885,
United Kingdom,2007,1114,
United Kingdom,2008,929,
United Kingdom,2009,1429,
United Kingdom,2010,1339,
United Kingdom,2011,1045,
United Kingdom,2012,1049,
United Kingdom,2013,820,
United Kingdom,2014,362,
United Kingdom,2015,310,
United Kingdom,2016,466,
United Kingdom,2017,315,
United Kingdom,2018,572,
United Kingdom,2019,523,
