paese,anno,indicatore,valore
Albania,1990,"PIL pro capite (PPP, $ costanti 2021)",5560.8339349099
Germany,1990,"PIL pro capite (PPP, $ costanti 2021)",42355.2860956177
Greece,1990,"PIL pro capite (PPP, $ costanti 2021)",26916.3125225704
Italy,1990,"PIL pro capite (PPP, $ costanti 2021)",42656.7445101659
Albania,1991,"PIL pro capite (PPP, $ costanti 2021)",4027.88880714791
Germany,1991,"PIL pro capite (PPP, $ costanti 2021)",44195.7164731544
Greece,1991,"PIL pro capite (PPP, $ costanti 2021)",27419.6029332234
Italy,1991,"PIL pro capite (PPP, $ costanti 2021)",43283.0204441901
Albania,1992,"PIL pro capite (PPP, $ costanti 2021)",3761.13980833495
Germany,1992,"PIL pro capite (PPP, $ costanti 2021)",44744.1399691155
Greece,1992,"PIL pro capite (PPP, $ costanti 2021)",27401.424003405
Italy,1992,"PIL pro capite (PPP, $ costanti 2021)",43614.4850883758
Albania,1993,"PIL pro capite (PPP, $ costanti 2021)",4145.90250530525
Germany,1993,"PIL pro capite (PPP, $ costanti 2021)",44018.4380932542
Greece,1993,"PIL pro capite (PPP, $ costanti 2021)",26804.8537616148
Italy,1993,"PIL pro capite (PPP, $ costanti 2021)",43216.1096444751
Albania,1994,"PIL pro capite (PPP, $ costanti 2021)",4517.78007862677
Germany,1994,"PIL pro capite (PPP, $ costanti 2021)",45005.1589836478
Greece,1994,"PIL pro capite (PPP, $ costanti 2021)",27204.3958682198
Italy,1994,"PIL pro capite (PPP, $ costanti 2021)",44136.7059141923
Albania,1995,"PIL pro capite (PPP, $ costanti 2021)",5151.37596211047
Germany,1995,"PIL pro capite (PPP, $ costanti 2021)",45548.4181139802
Greece,1995,"PIL pro capite (PPP, $ costanti 2021)",27646.1476383588
Italy,1995,"PIL pro capite (PPP, $ costanti 2021)",45410.1391731091
Albania,1996,"PIL pro capite (PPP, $ costanti 2021)",5563.77007788975
Germany,1996,"PIL pro capite (PPP, $ costanti 2021)",45888.1269604813
Greece,1996,"PIL pro capite (PPP, $ costanti 2021)",27905.1065690594
Italy,1996,"PIL pro capite (PPP, $ costanti 2021)",46008.2389303796
Albania,1997,"PIL pro capite (PPP, $ costanti 2021)",4942.98350018006
Germany,1997,"PIL pro capite (PPP, $ costanti 2021)",46670.7053500672
Greece,1997,"PIL pro capite (PPP, $ costanti 2021)",28768.2401472217
Italy,1997,"PIL pro capite (PPP, $ costanti 2021)",46869.4256086419
Albania,1998,"PIL pro capite (PPP, $ costanti 2021)",5387.54588745977
Germany,1998,"PIL pro capite (PPP, $ costanti 2021)",47641.5271845024
Greece,1998,"PIL pro capite (PPP, $ costanti 2021)",29592.525483114
Italy,1998,"PIL pro capite (PPP, $ costanti 2021)",47701.3974191265
Albania,1999,"PIL pro capite (PPP, $ costanti 2021)",6085.98339706701
Germany,1999,"PIL pro capite (PPP, $ costanti 2021)",48624.6484373602
Greece,1999,"PIL pro capite (PPP, $ costanti 2021)",30263.0543705003
Italy,1999,"PIL pro capite (PPP, $ costanti 2021)",48493.6651210308
Albania,2000,"PIL pro capite (PPP, $ costanti 2021)",6581.98909242849
Germany,2000,"PIL pro capite (PPP, $ costanti 2021)",49955.6461286496
Greece,2000,"PIL pro capite (PPP, $ costanti 2021)",31386.639783624
Italy,2000,"PIL pro capite (PPP, $ costanti 2021)",50353.4200415436
Albania,2001,"PIL pro capite (PPP, $ costanti 2021)",7232.96055449664
Germany,2001,"PIL pro capite (PPP, $ costanti 2021)",50687.6500447924
Greece,2001,"PIL pro capite (PPP, $ costanti 2021)",32675.9292327768
Italy,2001,"PIL pro capite (PPP, $ costanti 2021)",51332.2904432567
Albania,2002,"PIL pro capite (PPP, $ costanti 2021)",7590.45852377781
Germany,2002,"PIL pro capite (PPP, $ costanti 2021)",50486.998248551
Greece,2002,"PIL pro capite (PPP, $ costanti 2021)",34081.0289759343
Italy,2002,"PIL pro capite (PPP, $ costanti 2021)",51369.1149098293
Albania,2003,"PIL pro capite (PPP, $ costanti 2021)",8025.2480324802
Germany,2003,"PIL pro capite (PPP, $ costanti 2021)",50191.7219389611
Greece,2003,"PIL pro capite (PPP, $ costanti 2021)",35970.7016808475
Italy,2003,"PIL pro capite (PPP, $ costanti 2021)",51126.2585544038
Albania,2004,"PIL pro capite (PPP, $ costanti 2021)",8483.25881549279
Germany,2004,"PIL pro capite (PPP, $ costanti 2021)",50786.0176463275
Greece,2004,"PIL pro capite (PPP, $ costanti 2021)",37811.4913664483
Italy,2004,"PIL pro capite (PPP, $ costanti 2021)",51495.0028841364
Albania,2005,"PIL pro capite (PPP, $ costanti 2021)",8964.28082219496
Germany,2005,"PIL pro capite (PPP, $ costanti 2021)",51264.8193748941
Greece,2005,"PIL pro capite (PPP, $ costanti 2021)",38146.962971083
Italy,2005,"PIL pro capite (PPP, $ costanti 2021)",51585.6445807938
Albania,2006,"PIL pro capite (PPP, $ costanti 2021)",9563.98954154527
Germany,2006,"PIL pro capite (PPP, $ costanti 2021)",53307.1623767517
Greece,2006,"PIL pro capite (PPP, $ costanti 2021)",40483.1569225337
Italy,2006,"PIL pro capite (PPP, $ costanti 2021)",52304.2402949819
Albania,2007,"PIL pro capite (PPP, $ costanti 2021)",10262.9242359026
Germany,2007,"PIL pro capite (PPP, $ costanti 2021)",54920.6589299724
Greece,2007,"PIL pro capite (PPP, $ costanti 2021)",41796.2336918303
Italy,2007,"PIL pro capite (PPP, $ costanti 2021)",52747.1905476807
Albania,2008,"PIL pro capite (PPP, $ costanti 2021)",11056.3059173381
Germany,2008,"PIL pro capite (PPP, $ costanti 2021)",55513.7558858315
Greece,2008,"PIL pro capite (PPP, $ costanti 2021)",41709.3877420312
Italy,2008,"PIL pro capite (PPP, $ costanti 2021)",51806.3906176391
Albania,2009,"PIL pro capite (PPP, $ costanti 2021)",11430.5746310655
Germany,2009,"PIL pro capite (PPP, $ costanti 2021)",52568.797424995
Greece,2009,"PIL pro capite (PPP, $ costanti 2021)",39886.2135496664
Italy,2009,"PIL pro capite (PPP, $ costanti 2021)",48774.3916833748
Albania,2010,"PIL pro capite (PPP, $ costanti 2021)",11829.0042369631
Germany,2010,"PIL pro capite (PPP, $ costanti 2021)",54826.255453315
Greece,2010,"PIL pro capite (PPP, $ costanti 2021)",37566.7483686263
Italy,2010,"PIL pro capite (PPP, $ costanti 2021)",49301.6959141674
Albania,2011,"PIL pro capite (PPP, $ costanti 2021)",12153.0636591785
Germany,2011,"PIL pro capite (PPP, $ costanti 2021)",57950.9589729677
Greece,2011,"PIL pro capite (PPP, $ costanti 2021)",33906.4917435676
Italy,2011,"PIL pro capite (PPP, $ costanti 2021)",49473.0149235634
Albania,2012,"PIL pro capite (PPP, $ costanti 2021)",12463.518369846
Germany,2012,"PIL pro capite (PPP, $ costanti 2021)",58110.3768512245
Greece,2012,"PIL pro capite (PPP, $ costanti 2021)",31250.2268565956
Italy,2012,"PIL pro capite (PPP, $ costanti 2021)",47795.9579360541
Albania,2013,"PIL pro capite (PPP, $ costanti 2021)",12873.4298184073
Germany,2013,"PIL pro capite (PPP, $ costanti 2021)",58182.0766176953
Greece,2013,"PIL pro capite (PPP, $ costanti 2021)",30762.4432227813
Italy,2013,"PIL pro capite (PPP, $ costanti 2021)",46833.3615309303
Albania,2014,"PIL pro capite (PPP, $ costanti 2021)",13366.5040948145
Germany,2014,"PIL pro capite (PPP, $ costanti 2021)",59203.2340879963
Greece,2014,"PIL pro capite (PPP, $ costanti 2021)",31213.3765120298
Italy,2014,"PIL pro capite (PPP, $ costanti 2021)",46825.6511245062
Albania,2015,"PIL pro capite (PPP, $ costanti 2021)",13876.7616296598
Germany,2015,"PIL pro capite (PPP, $ costanti 2021)",59668.9890355282
Greece,2015,"PIL pro capite (PPP, $ costanti 2021)",31347.976574604
Italy,2015,"PIL pro capite (PPP, $ costanti 2021)",47311.8255262709
Albania,2016,"PIL pro capite (PPP, $ costanti 2021)",14643.4285614716
Germany,2016,"PIL pro capite (PPP, $ costanti 2021)",60504.5857417161
Greece,2016,"PIL pro capite (PPP, $ costanti 2021)",31468.6198471099
Italy,2016,"PIL pro capite (PPP, $ costanti 2021)",47987.8379581014
Albania,2017,"PIL pro capite (PPP, $ costanti 2021)",15359.3974577025
Germany,2017,"PIL pro capite (PPP, $ costanti 2021)",61965.4342904965
Greece,2017,"PIL pro capite (PPP, $ costanti 2021)",31995.4108838386
Italy,2017,"PIL pro capite (PPP, $ costanti 2021)",48849.2183534756
Albania,2018,"PIL pro capite (PPP, $ costanti 2021)",16170.9234325287
Germany,2018,"PIL pro capite (PPP, $ costanti 2021)",62481.1183971045
Greece,2018,"PIL pro capite (PPP, $ costanti 2021)",32722.3310444029
Italy,2018,"PIL pro capite (PPP, $ costanti 2021)",49355.8751913504
Albania,2019,"PIL pro capite (PPP, $ costanti 2021)",16761.1230178682
Germany,2019,"PIL pro capite (PPP, $ costanti 2021)",62949.8932511855
Greece,2019,"PIL pro capite (PPP, $ costanti 2021)",33502.7506488997
Italy,2019,"PIL pro capite (PPP, $ costanti 2021)",49690.6298505274
Albania,2020,"PIL pro capite (PPP, $ costanti 2021)",16457.7189744991
Germany,2020,"PIL pro capite (PPP, $ costanti 2021)",60299.5767710809
Greece,2020,"PIL pro capite (PPP, $ costanti 2021)",30487.1129331045
Italy,2020,"PIL pro capite (PPP, $ costanti 2021)",45505.0688708956
Albania,2021,"PIL pro capite (PPP, $ costanti 2021)",18212.794718288
Germany,2021,"PIL pro capite (PPP, $ costanti 2021)",62630.7748127737
Greece,2021,"PIL pro capite (PPP, $ costanti 2021)",33528.2271202515
Italy,2021,"PIL pro capite (PPP, $ costanti 2021)",49825.3934111848
Albania,2022,"PIL pro capite (PPP, $ costanti 2021)",19388.7927279351
Germany,2022,"PIL pro capite (PPP, $ costanti 2021)",63777.9291029299
Greece,2022,"PIL pro capite (PPP, $ costanti 2021)",35828.1756641776
Italy,2022,"PIL pro capite (PPP, $ costanti 2021)",52333.3274270604
Albania,2023,"PIL pro capite (PPP, $ costanti 2021)",20501.6470726741
Germany,2023,"PIL pro capite (PPP, $ costanti 2021)",63140.1949099669
Greece,2023,"PIL pro capite (PPP, $ costanti 2021)",36700.5134631055
Italy,2023,"PIL pro capite (PPP, $ costanti 2021)",52842.6288831758
Albania,2024,"PIL pro capite (PPP, $ costanti 2021)",21640.9835773271
Germany,2024,"PIL pro capite (PPP, $ costanti 2021)",62654.602264023
Greece,2024,"PIL pro capite (PPP, $ costanti 2021)",37474.2798239947
Italy,2024,"PIL pro capite (PPP, $ costanti 2021)",53284.8745049149
Albania,2025,"PIL pro capite (PPP, $ costanti 2021)",22724.2938194949
Germany,2025,"PIL pro capite (PPP, $ costanti 2021)",62823.7736648822
Greece,2025,"PIL pro capite (PPP, $ costanti 2021)",38218.721628616
Italy,2025,"PIL pro capite (PPP, $ costanti 2021)",53606.0789571011
Albania,1991,Disoccupazione giovanile 15-24 (%),15.687
Germany,1991,Disoccupazione giovanile 15-24 (%),5.512
Greece,1991,Disoccupazione giovanile 15-24 (%),23.858
Italy,1991,Disoccupazione giovanile 15-24 (%),28.461
Albania,1992,Disoccupazione giovanile 15-24 (%),45.621
Germany,1992,Disoccupazione giovanile 15-24 (%),5.972
Greece,1992,Disoccupazione giovanile 15-24 (%),26.963
Italy,1992,Disoccupazione giovanile 15-24 (%),28.106
Albania,1993,Disoccupazione giovanile 15-24 (%),38.82
Germany,1993,Disoccupazione giovanile 15-24 (%),7.672
Greece,1993,Disoccupazione giovanile 15-24 (%),30.392
Italy,1993,Disoccupazione giovanile 15-24 (%),30.105
Albania,1994,Disoccupazione giovanile 15-24 (%),32.402
Germany,1994,Disoccupazione giovanile 15-24 (%),8.96
Greece,1994,Disoccupazione giovanile 15-24 (%),28.926
Italy,1994,Disoccupazione giovanile 15-24 (%),31.783
Albania,1995,Disoccupazione giovanile 15-24 (%),23.005
Germany,1995,Disoccupazione giovanile 15-24 (%),8.464
Greece,1995,Disoccupazione giovanile 15-24 (%),30.27
Italy,1995,Disoccupazione giovanile 15-24 (%),33.458
Albania,1996,Disoccupazione giovanile 15-24 (%),22.071
Germany,1996,Disoccupazione giovanile 15-24 (%),9.63
Greece,1996,Disoccupazione giovanile 15-24 (%),31.52
Italy,1996,Disoccupazione giovanile 15-24 (%),34.76
Albania,1997,Disoccupazione giovanile 15-24 (%),26.61
Germany,1997,Disoccupazione giovanile 15-24 (%),10.666
Greece,1997,Disoccupazione giovanile 15-24 (%),32.096
Italy,1997,Disoccupazione giovanile 15-24 (%),34.592
Albania,1998,Disoccupazione giovanile 15-24 (%),31.78
Germany,1998,Disoccupazione giovanile 15-24 (%),9.79
Greece,1998,Disoccupazione giovanile 15-24 (%),32.178
Italy,1998,Disoccupazione giovanile 15-24 (%),33.796
Albania,1999,Disoccupazione giovanile 15-24 (%),33.211
Germany,1999,Disoccupazione giovanile 15-24 (%),8.883
Greece,1999,Disoccupazione giovanile 15-24 (%),31.316
Italy,1999,Disoccupazione giovanile 15-24 (%),32.959
Albania,2000,Disoccupazione giovanile 15-24 (%),30.433
Germany,2000,Disoccupazione giovanile 15-24 (%),8.545
Greece,2000,Disoccupazione giovanile 15-24 (%),28.957
Italy,2000,Disoccupazione giovanile 15-24 (%),31.46
Albania,2001,Disoccupazione giovanile 15-24 (%),29.816
Germany,2001,Disoccupazione giovanile 15-24 (%),7.787
Greece,2001,Disoccupazione giovanile 15-24 (%),27.816
Italy,2001,Disoccupazione giovanile 15-24 (%),27.806
Albania,2002,Disoccupazione giovanile 15-24 (%),28.774
Germany,2002,Disoccupazione giovanile 15-24 (%),9.285
Greece,2002,Disoccupazione giovanile 15-24 (%),26.711
Italy,2002,Disoccupazione giovanile 15-24 (%),27.171
Albania,2003,Disoccupazione giovanile 15-24 (%),27.516
Germany,2003,Disoccupazione giovanile 15-24 (%),11.024
Greece,2003,Disoccupazione giovanile 15-24 (%),26.499
Italy,2003,Disoccupazione giovanile 15-24 (%),26.983
Albania,2004,Disoccupazione giovanile 15-24 (%),26.605
Germany,2004,Disoccupazione giovanile 15-24 (%),12.984
Greece,2004,Disoccupazione giovanile 15-24 (%),26.57
Italy,2004,Disoccupazione giovanile 15-24 (%),24.424
Albania,2005,Disoccupazione giovanile 15-24 (%),26.243
Germany,2005,Disoccupazione giovanile 15-24 (%),15.463
Greece,2005,Disoccupazione giovanile 15-24 (%),25.811
Italy,2005,Disoccupazione giovanile 15-24 (%),24.113
Albania,2006,Disoccupazione giovanile 15-24 (%),25.877
Germany,2006,Disoccupazione giovanile 15-24 (%),13.402
Greece,2006,Disoccupazione giovanile 15-24 (%),24.658
Italy,2006,Disoccupazione giovanile 15-24 (%),21.792
Albania,2007,Disoccupazione giovanile 15-24 (%),26.645
Germany,2007,Disoccupazione giovanile 15-24 (%),11.824
Greece,2007,Disoccupazione giovanile 15-24 (%),22.731
Italy,2007,Disoccupazione giovanile 15-24 (%),20.384
Albania,2008,Disoccupazione giovanile 15-24 (%),26.605
Germany,2008,Disoccupazione giovanile 15-24 (%),10.929
Greece,2008,Disoccupazione giovanile 15-24 (%),21.61
Italy,2008,Disoccupazione giovanile 15-24 (%),21.217
Albania,2009,Disoccupazione giovanile 15-24 (%),27.357
Germany,2009,Disoccupazione giovanile 15-24 (%),11.309
Greece,2009,Disoccupazione giovanile 15-24 (%),25.469
Italy,2009,Disoccupazione giovanile 15-24 (%),25.352
Albania,2010,Disoccupazione giovanile 15-24 (%),30.867
Germany,2010,Disoccupazione giovanile 15-24 (%),10.416
Greece,2010,Disoccupazione giovanile 15-24 (%),33.005
Italy,2010,Disoccupazione giovanile 15-24 (%),27.91
Albania,2011,Disoccupazione giovanile 15-24 (%),22.697
Germany,2011,Disoccupazione giovanile 15-24 (%),8.927
Greece,2011,Disoccupazione giovanile 15-24 (%),44.951
Italy,2011,Disoccupazione giovanile 15-24 (%),29.145
Albania,2012,Disoccupazione giovanile 15-24 (%),28.871
Germany,2012,Disoccupazione giovanile 15-24 (%),8.119
Greece,2012,Disoccupazione giovanile 15-24 (%),55.656
Italy,2012,Disoccupazione giovanile 15-24 (%),35.294
Albania,2013,Disoccupazione giovanile 15-24 (%),31.207
Germany,2013,Disoccupazione giovanile 15-24 (%),7.825
Greece,2013,Disoccupazione giovanile 15-24 (%),58.491
Italy,2013,Disoccupazione giovanile 15-24 (%),40.022
Albania,2014,Disoccupazione giovanile 15-24 (%),39.554
Germany,2014,Disoccupazione giovanile 15-24 (%),7.612
Greece,2014,Disoccupazione giovanile 15-24 (%),52.645
Italy,2014,Disoccupazione giovanile 15-24 (%),42.669
Albania,2015,Disoccupazione giovanile 15-24 (%),39.628
Germany,2015,Disoccupazione giovanile 15-24 (%),7.328
Greece,2015,Disoccupazione giovanile 15-24 (%),49.731
Italy,2015,Disoccupazione giovanile 15-24 (%),40.316
Albania,2016,Disoccupazione giovanile 15-24 (%),35.918
Germany,2016,Disoccupazione giovanile 15-24 (%),7.079
Greece,2016,Disoccupazione giovanile 15-24 (%),47.223
Italy,2016,Disoccupazione giovanile 15-24 (%),37.758
Albania,2017,Disoccupazione giovanile 15-24 (%),31.184
Germany,2017,Disoccupazione giovanile 15-24 (%),6.77
Greece,2017,Disoccupazione giovanile 15-24 (%),43.392
Italy,2017,Disoccupazione giovanile 15-24 (%),34.726
Albania,2018,Disoccupazione giovanile 15-24 (%),28.109
Germany,2018,Disoccupazione giovanile 15-24 (%),6.22
Greece,2018,Disoccupazione giovanile 15-24 (%),40.011
Italy,2018,Disoccupazione giovanile 15-24 (%),32.185
Albania,2019,Disoccupazione giovanile 15-24 (%),26.942
Germany,2019,Disoccupazione giovanile 15-24 (%),5.859
Greece,2019,Disoccupazione giovanile 15-24 (%),34.754
Italy,2019,Disoccupazione giovanile 15-24 (%),29.102
Albania,2020,Disoccupazione giovanile 15-24 (%),26.422
Germany,2020,Disoccupazione giovanile 15-24 (%),7.862
Greece,2020,Disoccupazione giovanile 15-24 (%),33.74
Italy,2020,Disoccupazione giovanile 15-24 (%),29.629
Albania,2021,Disoccupazione giovanile 15-24 (%),27.089
Germany,2021,Disoccupazione giovanile 15-24 (%),6.665
Greece,2021,Disoccupazione giovanile 15-24 (%),35.39
Italy,2021,Disoccupazione giovanile 15-24 (%),29.665
Albania,2022,Disoccupazione giovanile 15-24 (%),24.543
Germany,2022,Disoccupazione giovanile 15-24 (%),6.049
Greece,2022,Disoccupazione giovanile 15-24 (%),31.29
Italy,2022,Disoccupazione giovanile 15-24 (%),23.704
Albania,2023,Disoccupazione giovanile 15-24 (%),25.41
Germany,2023,Disoccupazione giovanile 15-24 (%),6.02
Greece,2023,Disoccupazione giovanile 15-24 (%),26.543
Italy,2023,Disoccupazione giovanile 15-24 (%),22.727
Albania,2024,Disoccupazione giovanile 15-24 (%),25.582
Germany,2024,Disoccupazione giovanile 15-24 (%),6.604
Greece,2024,Disoccupazione giovanile 15-24 (%),22.375
Italy,2024,Disoccupazione giovanile 15-24 (%),20.246
Albania,2025,Disoccupazione giovanile 15-24 (%),25.567
Germany,2025,Disoccupazione giovanile 15-24 (%),6.862
Greece,2025,Disoccupazione giovanile 15-24 (%),21.389
Italy,2025,Disoccupazione giovanile 15-24 (%),20.545
Italy,1970,Rimesse ricevute (US$ correnti),1232000000.0
Germany,1971,Rimesse ricevute (US$ correnti),209930938.7
Italy,1971,Rimesse ricevute (US$ correnti),1367009399.0
Germany,1972,Rimesse ricevute (US$ correnti),245852554.3
Italy,1972,Rimesse ricevute (US$ correnti),1552426758.0
Germany,1973,Rimesse ricevute (US$ correnti),313813690.2
Italy,1973,Rimesse ricevute (US$ correnti),1461209595.0
Germany,1974,Rimesse ricevute (US$ correnti),357406890.9
Italy,1974,Rimesse ricevute (US$ correnti),1214379028.0
Germany,1975,Rimesse ricevute (US$ correnti),419735931.4
Italy,1975,Rimesse ricevute (US$ correnti),1602127319.0
Germany,1976,Rimesse ricevute (US$ correnti),449990753.2
Greece,1976,Rimesse ricevute (US$ correnti),805000000.0
Italy,1976,Rimesse ricevute (US$ correnti),1402123901.0
Germany,1977,Rimesse ricevute (US$ correnti),535669250.5
Greece,1977,Rimesse ricevute (US$ correnti),940000000.0
Italy,1977,Rimesse ricevute (US$ correnti),2162453369.0
Germany,1978,Rimesse ricevute (US$ correnti),731329772.9
Greece,1978,Rimesse ricevute (US$ correnti),989000000.0
Italy,1978,Rimesse ricevute (US$ correnti),2996618408.0
Germany,1979,Rimesse ricevute (US$ correnti),849240966.8
Greece,1979,Rimesse ricevute (US$ correnti),1181000000.0
Italy,1979,Rimesse ricevute (US$ correnti),3698666504.0
Germany,1980,Rimesse ricevute (US$ correnti),2380181152.0
Greece,1980,Rimesse ricevute (US$ correnti),1119000000.0
Italy,1980,Rimesse ricevute (US$ correnti),4013217285.0
Germany,1981,Rimesse ricevute (US$ correnti),2117616699.0
Greece,1981,Rimesse ricevute (US$ correnti),1169000000.0
Italy,1981,Rimesse ricevute (US$ correnti),3531829834.0
Germany,1982,Rimesse ricevute (US$ correnti),2231766357.0
Greece,1982,Rimesse ricevute (US$ correnti),1140000000.0
Italy,1982,Rimesse ricevute (US$ correnti),3529875000.0
Germany,1983,Rimesse ricevute (US$ correnti),2118541992.0
Greece,1983,Rimesse ricevute (US$ correnti),964000000.0
Italy,1983,Rimesse ricevute (US$ correnti),3380593018.0
Germany,1984,Rimesse ricevute (US$ correnti),1968478394.0
Greece,1984,Rimesse ricevute (US$ correnti),945000000.0
Italy,1984,Rimesse ricevute (US$ correnti),3274925049.0
Germany,1985,Rimesse ricevute (US$ correnti),2022923706.0
Greece,1985,Rimesse ricevute (US$ correnti),807000000.0
Italy,1985,Rimesse ricevute (US$ correnti),3230516113.0
Germany,1986,Rimesse ricevute (US$ correnti),2779070313.0
Greece,1986,Rimesse ricevute (US$ correnti),967000000.0
Italy,1986,Rimesse ricevute (US$ correnti),4401150879.0
Germany,1987,Rimesse ricevute (US$ correnti),3582102295.0
Greece,1987,Rimesse ricevute (US$ correnti),1407000000.0
Italy,1987,Rimesse ricevute (US$ correnti),4462657715.0
Germany,1988,Rimesse ricevute (US$ correnti),3834042969.0
Greece,1988,Rimesse ricevute (US$ correnti),1737000000.0
Italy,1988,Rimesse ricevute (US$ correnti),4829600586.0
Germany,1989,Rimesse ricevute (US$ correnti),3751835205.0
Greece,1989,Rimesse ricevute (US$ correnti),1387000000.0
Italy,1989,Rimesse ricevute (US$ correnti),5080443848.0
Germany,1990,Rimesse ricevute (US$ correnti),4876062012.0
Greece,1990,Rimesse ricevute (US$ correnti),1817000000.0
Italy,1990,Rimesse ricevute (US$ correnti),5074514160.0
Germany,1991,Rimesse ricevute (US$ correnti),4823001953.0
Greece,1991,Rimesse ricevute (US$ correnti),2173000000.0
Italy,1991,Rimesse ricevute (US$ correnti),3698942383.0
Albania,1992,Rimesse ricevute (US$ correnti),151800000.0
Germany,1992,Rimesse ricevute (US$ correnti),4920209473.0
Greece,1992,Rimesse ricevute (US$ correnti),2531000000.0
Italy,1992,Rimesse ricevute (US$ correnti),2970147217.0
Albania,1993,Rimesse ricevute (US$ correnti),332000000.0
Germany,1993,Rimesse ricevute (US$ correnti),4393696289.0
Greece,1993,Rimesse ricevute (US$ correnti),2655000000.0
Italy,1993,Rimesse ricevute (US$ correnti),2670604248.0
Albania,1994,Rimesse ricevute (US$ correnti),307100000.0
Germany,1994,Rimesse ricevute (US$ correnti),4408901367.0
Greece,1994,Rimesse ricevute (US$ correnti),2886000000.0
Italy,1994,Rimesse ricevute (US$ correnti),2419368408.0
Albania,1995,Rimesse ricevute (US$ correnti),427300000.0
Germany,1995,Rimesse ricevute (US$ correnti),4506990222.57265
Greece,1995,Rimesse ricevute (US$ correnti),3286000000.0
Italy,1995,Rimesse ricevute (US$ correnti),2280956928.66136
Albania,1996,Rimesse ricevute (US$ correnti),550900000.0
Germany,1996,Rimesse ricevute (US$ correnti),4329001332.59239
Greece,1996,Rimesse ricevute (US$ correnti),3079000000.0
Italy,1996,Rimesse ricevute (US$ correnti),2526492822.52379
Albania,1997,Rimesse ricevute (US$ correnti),300300000.0
Germany,1997,Rimesse ricevute (US$ correnti),3831354070.37815
Greece,1997,Rimesse ricevute (US$ correnti),3062000000.0
Italy,1997,Rimesse ricevute (US$ correnti),2207094304.7883
Albania,1998,Rimesse ricevute (US$ correnti),504140000.0
Germany,1998,Rimesse ricevute (US$ correnti),3908027809.16446
Greece,1998,Rimesse ricevute (US$ correnti),2673050049.0
Italy,1998,Rimesse ricevute (US$ correnti),2053806688.56554
Albania,1999,Rimesse ricevute (US$ correnti),407200000.0
Germany,1999,Rimesse ricevute (US$ correnti),3756184437.89766
Greece,1999,Rimesse ricevute (US$ correnti),2284100000.0
Italy,1999,Rimesse ricevute (US$ correnti),1878725069.0497
Albania,2000,Rimesse ricevute (US$ correnti),597800000.0
Germany,2000,Rimesse ricevute (US$ correnti),3603502764.34047
Greece,2000,Rimesse ricevute (US$ correnti),2193819905.93717
Italy,2000,Rimesse ricevute (US$ correnti),1789501817.08851
Albania,2001,Rimesse ricevute (US$ correnti),699300000.0
Germany,2001,Rimesse ricevute (US$ correnti),3883047671.2182
Greece,2001,Rimesse ricevute (US$ correnti),2014591008.5579
Italy,2001,Rimesse ricevute (US$ correnti),1932443183.07402
Albania,2002,Rimesse ricevute (US$ correnti),733570000.0
Germany,2002,Rimesse ricevute (US$ correnti),4653643267.7332
Greece,2002,Rimesse ricevute (US$ correnti),1660397779.58459
Italy,2002,Rimesse ricevute (US$ correnti),2272672067.62905
Albania,2003,Rimesse ricevute (US$ correnti),888748582.309638
Germany,2003,Rimesse ricevute (US$ correnti),5748398267.4502
Greece,2003,Rimesse ricevute (US$ correnti),1565054104.28351
Italy,2003,Rimesse ricevute (US$ correnti),3023192838.03654
Albania,2004,Rimesse ricevute (US$ correnti),1160672105.01954
Germany,2004,Rimesse ricevute (US$ correnti),6515541640.72873
Greece,2004,Rimesse ricevute (US$ correnti),1242683995.0922
Italy,2004,Rimesse ricevute (US$ correnti),3688753006.49351
Albania,2005,Rimesse ricevute (US$ correnti),1289704315.92613
Germany,2005,Rimesse ricevute (US$ correnti),7813444610.52102
Greece,2005,Rimesse ricevute (US$ correnti),1219664383.6797
Italy,2005,Rimesse ricevute (US$ correnti),4091531781.33757
Albania,2006,Rimesse ricevute (US$ correnti),1359467324.66363
Germany,2006,Rimesse ricevute (US$ correnti),8643784634.43065
Greece,2006,Rimesse ricevute (US$ correnti),1543110071.1647
Italy,2006,Rimesse ricevute (US$ correnti),4075828470.6487
Albania,2007,Rimesse ricevute (US$ correnti),1468020000.0
Germany,2007,Rimesse ricevute (US$ correnti),11195107518.7576
Greece,2007,Rimesse ricevute (US$ correnti),2483241140.54473
Italy,2007,Rimesse ricevute (US$ correnti),4595241395.32021
Albania,2008,Rimesse ricevute (US$ correnti),1865581563.70359
Germany,2008,Rimesse ricevute (US$ correnti),13211438933.0783
Greece,2008,Rimesse ricevute (US$ correnti),2686826465.03647
Italy,2008,Rimesse ricevute (US$ correnti),7354812945.4454
Albania,2009,Rimesse ricevute (US$ correnti),1717698012.16513
Germany,2009,Rimesse ricevute (US$ correnti),13748281325.509
Greece,2009,Rimesse ricevute (US$ correnti),2022132944.21384
Italy,2009,Rimesse ricevute (US$ correnti),7041290726.54646
Albania,2010,Rimesse ricevute (US$ correnti),1586574271.35641
Germany,2010,Rimesse ricevute (US$ correnti),14234237740.6925
Greece,2010,Rimesse ricevute (US$ correnti),1498782297.44563
Italy,2010,Rimesse ricevute (US$ correnti),7975133246.32031
Albania,2011,Rimesse ricevute (US$ correnti),1552078514.34036
Germany,2011,Rimesse ricevute (US$ correnti),16407177249.8105
Greece,2011,Rimesse ricevute (US$ correnti),1186959012.16992
Italy,2011,Rimesse ricevute (US$ correnti),8731247318.34409
Albania,2012,Rimesse ricevute (US$ correnti),1419772515.43026
Germany,2012,Rimesse ricevute (US$ correnti),15375941506.0452
Greece,2012,Rimesse ricevute (US$ correnti),680981913.335439
Italy,2012,Rimesse ricevute (US$ correnti),9166139341.3616
Albania,2013,Rimesse ricevute (US$ correnti),1281848113.75307
Germany,2013,Rimesse ricevute (US$ correnti),16172125157.7842
Greece,2013,Rimesse ricevute (US$ correnti),804714812.674238
Italy,2013,Rimesse ricevute (US$ correnti),9436137008.11934
Albania,2014,Rimesse ricevute (US$ correnti),1421007454.36594
Germany,2014,Rimesse ricevute (US$ correnti),16266121335.6238
Greece,2014,Rimesse ricevute (US$ correnti),734925603.08843
Italy,2014,Rimesse ricevute (US$ correnti),10099257246.1574
Albania,2015,Rimesse ricevute (US$ correnti),1290863508.09402
Germany,2015,Rimesse ricevute (US$ correnti),14887806700.0533
Greece,2015,Rimesse ricevute (US$ correnti),509336316.242093
Italy,2015,Rimesse ricevute (US$ correnti),9607744314.54809
Albania,2016,Rimesse ricevute (US$ correnti),1306009166.92504
Germany,2016,Rimesse ricevute (US$ correnti),15259414671.0907
Greece,2016,Rimesse ricevute (US$ correnti),417164366.412999
Italy,2016,Rimesse ricevute (US$ correnti),9512833703.54223
Albania,2017,Rimesse ricevute (US$ correnti),1311822432.138
Germany,2017,Rimesse ricevute (US$ correnti),17216209193.6758
Greece,2017,Rimesse ricevute (US$ correnti),400870186.190081
Italy,2017,Rimesse ricevute (US$ correnti),9742186171.70856
Albania,2018,Rimesse ricevute (US$ correnti),1458210055.8531
Germany,2018,Rimesse ricevute (US$ correnti),18653224755.0275
Greece,2018,Rimesse ricevute (US$ correnti),489699591.408582
Italy,2018,Rimesse ricevute (US$ correnti),9899652023.34248
Albania,2019,Rimesse ricevute (US$ correnti),1472812241.61037
Germany,2019,Rimesse ricevute (US$ correnti),18338278468.7227
Greece,2019,Rimesse ricevute (US$ correnti),676327504.794211
Italy,2019,Rimesse ricevute (US$ correnti),10458515879.0042
Albania,2020,Rimesse ricevute (US$ correnti),1465987212.49096
Germany,2020,Rimesse ricevute (US$ correnti),18819700392.0057
Greece,2020,Rimesse ricevute (US$ correnti),611381979.592982
Italy,2020,Rimesse ricevute (US$ correnti),9888526922.0456
Albania,2021,Rimesse ricevute (US$ correnti),1718355918.32179
Germany,2021,Rimesse ricevute (US$ correnti),20256041836.0028
Greece,2021,Rimesse ricevute (US$ correnti),688866261.623507
Italy,2021,Rimesse ricevute (US$ correnti),10103942878.0664
Albania,2022,Rimesse ricevute (US$ correnti),1745245135.76651
Germany,2022,Rimesse ricevute (US$ correnti),19892080819.2235
Greece,2022,Rimesse ricevute (US$ correnti),600581231.936084
Italy,2022,Rimesse ricevute (US$ correnti),9822241664.74569
Albania,2023,Rimesse ricevute (US$ correnti),2036169283.29038
Germany,2023,Rimesse ricevute (US$ correnti),21412654736.7488
Greece,2023,Rimesse ricevute (US$ correnti),541941123.994663
Italy,2023,Rimesse ricevute (US$ correnti),11889824393.6583
Albania,2024,Rimesse ricevute (US$ correnti),2274440593.60033
Germany,2024,Rimesse ricevute (US$ correnti),22168068237.9153
Greece,2024,Rimesse ricevute (US$ correnti),561447512.229397
Italy,2024,Rimesse ricevute (US$ correnti),12142048872.1323
Albania,2025,Rimesse ricevute (US$ correnti),2562575021.96632
Germany,2025,Rimesse ricevute (US$ correnti),23900454358.4599
Italy,2025,Rimesse ricevute (US$ correnti),12836538929.7088
Albania,1960,Popolazione totale,1608800.0
Germany,1960,Popolazione totale,72814900.0
Greece,1960,Popolazione totale,8331725.0
Italy,1960,Popolazione totale,50199700.0
Albania,1961,Popolazione totale,1659800.0
Germany,1961,Popolazione totale,73377632.0
Greece,1961,Popolazione totale,8398050.0
Italy,1961,Popolazione totale,50536350.0
Albania,1962,Popolazione totale,1711319.0
Germany,1962,Popolazione totale,74025784.0
Greece,1962,Popolazione totale,8448233.0
Italy,1962,Popolazione totale,50879450.0
Albania,1963,Popolazione totale,1762621.0
Germany,1963,Popolazione totale,74714353.0
Greece,1963,Popolazione totale,8479625.0
Italy,1963,Popolazione totale,51252000.0
Albania,1964,Popolazione totale,1814135.0
Germany,1964,Popolazione totale,75318337.0
Greece,1964,Popolazione totale,8510429.0
Italy,1964,Popolazione totale,51675350.0
Albania,1965,Popolazione totale,1864791.0
Germany,1965,Popolazione totale,75963695.0
Greece,1965,Popolazione totale,8550333.0
Italy,1965,Popolazione totale,52112350.0
Albania,1966,Popolazione totale,1914573.0
Germany,1966,Popolazione totale,76600311.0
Greece,1966,Popolazione totale,8613651.0
Italy,1966,Popolazione totale,52519000.0
Albania,1967,Popolazione totale,1965598.0
Germany,1967,Popolazione totale,76951336.0
Greece,1967,Popolazione totale,8684088.0
Italy,1967,Popolazione totale,52900500.0
Albania,1968,Popolazione totale,2022272.0
Germany,1968,Popolazione totale,77294314.0
Greece,1968,Popolazione totale,8740765.0
Italy,1968,Popolazione totale,53235750.0
Albania,1969,Popolazione totale,2081695.0
Germany,1969,Popolazione totale,77909682.0
Greece,1969,Popolazione totale,8772764.0
Italy,1969,Popolazione totale,53537950.0
Albania,1970,Popolazione totale,2135479.0
Germany,1970,Popolazione totale,78169289.0
Greece,1970,Popolazione totale,8792806.0
Italy,1970,Popolazione totale,53821850.0
Albania,1971,Popolazione totale,2187853.0
Germany,1971,Popolazione totale,78312842.0
Greece,1971,Popolazione totale,8831036.0
Italy,1971,Popolazione totale,54073490.0
Albania,1972,Popolazione totale,2243126.0
Germany,1972,Popolazione totale,78688452.0
Greece,1972,Popolazione totale,8888628.0
Italy,1972,Popolazione totale,54381345.0
Albania,1973,Popolazione totale,2296752.0
Germany,1973,Popolazione totale,78936666.0
Greece,1973,Popolazione totale,8929086.0
Italy,1973,Popolazione totale,54751406.0
Albania,1974,Popolazione totale,2350124.0
Germany,1974,Popolazione totale,78967433.0
Greece,1974,Popolazione totale,8962022.0
Italy,1974,Popolazione totale,55110868.0
Albania,1975,Popolazione totale,2404831.0
Germany,1975,Popolazione totale,78673554.0
Greece,1975,Popolazione totale,9046541.0
Italy,1975,Popolazione totale,55441001.0
Albania,1976,Popolazione totale,2458526.0
Germany,1976,Popolazione totale,78336950.0
Greece,1976,Popolazione totale,9188150.0
Italy,1976,Popolazione totale,55718260.0
Albania,1977,Popolazione totale,2513546.0
Germany,1977,Popolazione totale,78159814.0
Greece,1977,Popolazione totale,9308479.0
Italy,1977,Popolazione totale,55955411.0
Albania,1978,Popolazione totale,2566266.0
Germany,1978,Popolazione totale,78091820.0
Greece,1978,Popolazione totale,9429959.0
Italy,1978,Popolazione totale,56155143.0
Albania,1979,Popolazione totale,2617832.0
Germany,1979,Popolazione totale,78126350.0
Greece,1979,Popolazione totale,9548258.0
Italy,1979,Popolazione totale,56317749.0
Albania,1980,Popolazione totale,2671997.0
Germany,1980,Popolazione totale,78288576.0
Greece,1980,Popolazione totale,9642505.0
Italy,1980,Popolazione totale,56433883.0
Albania,1981,Popolazione totale,2726056.0
Germany,1981,Popolazione totale,78407907.0
Greece,1981,Popolazione totale,9729350.0
Italy,1981,Popolazione totale,56501675.0
Albania,1982,Popolazione totale,2784278.0
Germany,1982,Popolazione totale,78333366.0
Greece,1982,Popolazione totale,9789513.0
Italy,1982,Popolazione totale,56543548.0
Albania,1983,Popolazione totale,2843960.0
Germany,1983,Popolazione totale,78128282.0
Greece,1983,Popolazione totale,9846627.0
Italy,1983,Popolazione totale,56564074.0
Albania,1984,Popolazione totale,2904429.0
Germany,1984,Popolazione totale,77858685.0
Greece,1984,Popolazione totale,9895801.0
Italy,1984,Popolazione totale,56576718.0
Albania,1985,Popolazione totale,2964762.0
Germany,1985,Popolazione totale,77684873.0
Greece,1985,Popolazione totale,9934300.0
Italy,1985,Popolazione totale,56593071.0
Albania,1986,Popolazione totale,3022635.0
Germany,1986,Popolazione totale,77720436.0
Greece,1986,Popolazione totale,9967213.0
Italy,1986,Popolazione totale,56596155.0
Albania,1987,Popolazione totale,3083605.0
Germany,1987,Popolazione totale,77839920.0
Greece,1987,Popolazione totale,10000595.0
Italy,1987,Popolazione totale,56601931.0
Albania,1988,Popolazione totale,3142336.0
Germany,1988,Popolazione totale,78144619.0
Greece,1988,Popolazione totale,10036983.0
Italy,1988,Popolazione totale,56629288.0
Albania,1989,Popolazione totale,3227943.0
Germany,1989,Popolazione totale,78751283.0
Greece,1989,Popolazione totale,10089498.0
Italy,1989,Popolazione totale,56671781.0
Albania,1990,Popolazione totale,3286542.0
Germany,1990,Popolazione totale,79433029.0
Greece,1990,Popolazione totale,10196792.0
Italy,1990,Popolazione totale,56719240.0
Albania,1991,Popolazione totale,3266790.0
Germany,1991,Popolazione totale,80013896.0
Greece,1991,Popolazione totale,10319927.0
Italy,1991,Popolazione totale,56758521.0
Albania,1992,Popolazione totale,3247039.0
Germany,1992,Popolazione totale,80624598.0
Greece,1992,Popolazione totale,10399061.0
Italy,1992,Popolazione totale,56797087.0
Albania,1993,Popolazione totale,3227287.0
Germany,1993,Popolazione totale,81156363.0
Greece,1993,Popolazione totale,10460415.0
Italy,1993,Popolazione totale,56831821.0
Albania,1994,Popolazione totale,3207536.0
Germany,1994,Popolazione totale,81438348.0
Greece,1994,Popolazione totale,10512922.0
Italy,1994,Popolazione totale,56843400.0
Albania,1995,Popolazione totale,3187784.0
Germany,1995,Popolazione totale,81678051.0
Greece,1995,Popolazione totale,10562153.0
Italy,1995,Popolazione totale,56844303.0
Albania,1996,Popolazione totale,3168033.0
Germany,1996,Popolazione totale,81914831.0
Greece,1996,Popolazione totale,10608800.0
Italy,1996,Popolazione totale,56860281.0
Albania,1997,Popolazione totale,3148281.0
Germany,1997,Popolazione totale,82034771.0
Greece,1997,Popolazione totale,10661259.0
Italy,1997,Popolazione totale,56890372.0
Albania,1998,Popolazione totale,3128530.0
Germany,1998,Popolazione totale,82047195.0
Greece,1998,Popolazione totale,10720509.0
Italy,1998,Popolazione totale,56906744.0
Albania,1999,Popolazione totale,3108778.0
Germany,1999,Popolazione totale,82100243.0
Greece,1999,Popolazione totale,10761698.0
Italy,1999,Popolazione totale,56916317.0
Albania,2000,Popolazione totale,3089027.0
Germany,2000,Popolazione totale,82211508.0
Greece,2000,Popolazione totale,10805808.0
Italy,2000,Popolazione totale,56942108.0
Albania,2001,Popolazione totale,3060173.0
Germany,2001,Popolazione totale,82349925.0
Greece,2001,Popolazione totale,10862132.0
Italy,2001,Popolazione totale,56976981.0
Albania,2002,Popolazione totale,3051010.0
Germany,2002,Popolazione totale,82488495.0
Greece,2002,Popolazione totale,10902022.0
Italy,2002,Popolazione totale,57089824.0
Albania,2003,Popolazione totale,3039616.0
Germany,2003,Popolazione totale,82534176.0
Greece,2003,Popolazione totale,10928070.0
Italy,2003,Popolazione totale,57399184.0
Albania,2004,Popolazione totale,3026939.0
Germany,2004,Popolazione totale,82516260.0
Greece,2004,Popolazione totale,10955141.0
Italy,2004,Popolazione totale,57828179.0
Albania,2005,Popolazione totale,3011487.0
Germany,2005,Popolazione totale,82469422.0
Greece,2005,Popolazione totale,10987314.0
Italy,2005,Popolazione totale,58166682.0
Albania,2006,Popolazione totale,2992547.0
Germany,2006,Popolazione totale,82376451.0
Greece,2006,Popolazione totale,11020362.0
Italy,2006,Popolazione totale,58399861.0
Albania,2007,Popolazione totale,2970017.0
Germany,2007,Popolazione totale,82266372.0
Greece,2007,Popolazione totale,11048473.0
Italy,2007,Popolazione totale,58756247.0
Albania,2008,Popolazione totale,2947314.0
Germany,2008,Popolazione totale,82110097.0
Greece,2008,Popolazione totale,11077841.0
Italy,2008,Popolazione totale,59211181.0
Albania,2009,Popolazione totale,2927519.0
Germany,2009,Popolazione totale,81902307.0
Greece,2009,Popolazione totale,11107017.0
Italy,2009,Popolazione totale,59555454.0
Albania,2010,Popolazione totale,2913021.0
Germany,2010,Popolazione totale,81776930.0
Greece,2010,Popolazione totale,11121341.0
Italy,2010,Popolazione totale,59819407.0
Albania,2011,Popolazione totale,2905195.0
Germany,2011,Popolazione totale,80274983.0
Greece,2011,Popolazione totale,11104899.0
Italy,2011,Popolazione totale,60026841.0
Albania,2012,Popolazione totale,2860708.0
Germany,2012,Popolazione totale,80425823.0
Greece,2012,Popolazione totale,11045011.0
Italy,2012,Popolazione totale,60191247.0
Albania,2013,Popolazione totale,2816902.0
Germany,2013,Popolazione totale,80645605.0
Greece,2013,Popolazione totale,10965211.0
Italy,2013,Popolazione totale,60311613.0
Albania,2014,Popolazione totale,2773767.0
Germany,2014,Popolazione totale,80982500.0
Greece,2014,Popolazione totale,10892413.0
Italy,2014,Popolazione totale,60320707.0
Albania,2015,Popolazione totale,2731293.0
Germany,2015,Popolazione totale,81686611.0
Greece,2015,Popolazione totale,10820883.0
Italy,2015,Popolazione totale,60229605.0
Albania,2016,Popolazione totale,2689469.0
Germany,2016,Popolazione totale,82348669.0
Greece,2016,Popolazione totale,10775971.0
Italy,2016,Popolazione totale,60115223.0
Albania,2017,Popolazione totale,2648285.0
Germany,2017,Popolazione totale,82657002.0
Greece,2017,Popolazione totale,10754679.0
Italy,2017,Popolazione totale,60002252.0
Albania,2018,Popolazione totale,2607733.0
Germany,2018,Popolazione totale,82905782.0
Greece,2018,Popolazione totale,10732882.0
Italy,2018,Popolazione totale,59877221.0
Albania,2019,Popolazione totale,2567801.0
Germany,2019,Popolazione totale,83092962.0
Greece,2019,Popolazione totale,10721582.0
Italy,2019,Popolazione totale,59729081.0
Albania,2020,Popolazione totale,2528480.0
Germany,2020,Popolazione totale,83160871.0
Greece,2020,Popolazione totale,10698599.0
Italy,2020,Popolazione totale,59438851.0
Albania,2021,Popolazione totale,2489762.0
Germany,2021,Popolazione totale,83196078.0
Greece,2021,Popolazione totale,10570130.0
Italy,2021,Popolazione totale,59133173.0
Albania,2022,Popolazione totale,2451636.0
Germany,2022,Popolazione totale,83177813.0
Greece,2022,Popolazione totale,10437805.0
Italy,2022,Popolazione totale,59013667.0
Albania,2023,Popolazione totale,2411658.0
Germany,2023,Popolazione totale,83287273.0
Greece,2023,Popolazione totale,10407351.0
Italy,2023,Popolazione totale,58984216.0
Albania,2024,Popolazione totale,2377128.0
Germany,2024,Popolazione totale,83516593.0
Greece,2024,Popolazione totale,10405134.0
Italy,2024,Popolazione totale,58952704.0
Albania,2025,Popolazione totale,2349580.0
Germany,2025,Popolazione totale,83491249.0
Greece,2025,Popolazione totale,10413962.0
Italy,2025,Popolazione totale,58915656.0
