paese,anno,motivo,permessi,flag
Austria,2008,Studio,39,
Austria,2009,Studio,48,
Austria,2010,Studio,48,
Austria,2011,Studio,69,
Austria,2012,Studio,86,
Austria,2013,Studio,88,
Austria,2014,Studio,95,
Austria,2015,Studio,135,
Austria,2016,Studio,123,
Austria,2017,Studio,131,
Austria,2018,Studio,132,
Austria,2019,Studio,157,
Austria,2020,Studio,99,
Austria,2021,Studio,141,
Austria,2022,Studio,161,
Austria,2023,Studio,131,
Austria,2024,Studio,127,
Austria,2025,Studio,149,
Belgium,2008,Studio,18,
Belgium,2009,Studio,28,
Belgium,2010,Studio,18,
Belgium,2011,Studio,21,
Belgium,2012,Studio,32,
Belgium,2013,Studio,33,
Belgium,2014,Studio,40,
Belgium,2015,Studio,33,
Belgium,2016,Studio,39,
Belgium,2017,Studio,54,
Belgium,2018,Studio,51,
Belgium,2019,Studio,77,
Belgium,2020,Studio,43,
Belgium,2021,Studio,65,
Belgium,2022,Studio,46,
Belgium,2023,Studio,46,
Belgium,2024,Studio,42,
Belgium,2025,Studio,36,
Bulgaria,2008,Studio,41,
Bulgaria,2009,Studio,38,
Bulgaria,2010,Studio,50,
Bulgaria,2011,Studio,32,
Bulgaria,2012,Studio,56,
Bulgaria,2013,Studio,40,
Bulgaria,2014,Studio,44,
Bulgaria,2015,Studio,41,
Bulgaria,2016,Studio,61,
Bulgaria,2017,Studio,44,
Bulgaria,2018,Studio,73,
Bulgaria,2019,Studio,83,
Bulgaria,2020,Studio,36,
Bulgaria,2021,Studio,42,
Bulgaria,2022,Studio,66,
Bulgaria,2023,Studio,41,
Bulgaria,2024,Studio,25,
Bulgaria,2025,Studio,22,
Switzerland,2012,Studio,31,
Switzerland,2013,Studio,32,
Switzerland,2014,Studio,31,
Switzerland,2015,Studio,44,
Switzerland,2016,Studio,56,
Switzerland,2017,Studio,51,
Switzerland,2018,Studio,53,
Switzerland,2019,Studio,46,
Switzerland,2020,Studio,50,
Switzerland,2021,Studio,46,
Switzerland,2022,Studio,53,
Switzerland,2023,Studio,53,
Switzerland,2024,Studio,56,
Switzerland,2025,Studio,44,
Cyprus,2008,Studio,10,
Cyprus,2009,Studio,9,
Cyprus,2010,Studio,10,
Cyprus,2011,Studio,12,
Cyprus,2012,Studio,0,
Cyprus,2013,Studio,3,
Cyprus,2014,Studio,3,
Cyprus,2015,Studio,3,
Cyprus,2016,Studio,4,
Cyprus,2017,Studio,1,
Cyprus,2018,Studio,2,
Cyprus,2019,Studio,3,
Cyprus,2020,Studio,1,
Cyprus,2021,Studio,4,
Cyprus,2022,Studio,3,
Cyprus,2023,Studio,2,
Cyprus,2024,Studio,2,
Cyprus,2025,Studio,3,
Czechia,2008,Studio,14,
Czechia,2009,Studio,14,
Czechia,2010,Studio,22,
Czechia,2011,Studio,17,
Czechia,2012,Studio,12,
Czechia,2013,Studio,19,
Czechia,2014,Studio,22,
Czechia,2015,Studio,52,
Czechia,2016,Studio,55,
Czechia,2017,Studio,48,
Czechia,2018,Studio,46,
Czechia,2019,Studio,47,
Czechia,2020,Studio,30,
Czechia,2021,Studio,39,
Czechia,2022,Studio,15,
Czechia,2023,Studio,16,
Czechia,2024,Studio,23,
Czechia,2025,Studio,27,
Germany,2008,Studio,125,
Germany,2009,Studio,158,
Germany,2010,Studio,96,
Germany,2011,Studio,80,
Germany,2012,Studio,195,
Germany,2013,Studio,267,
Germany,2014,Studio,323,
Germany,2015,Studio,129,
Germany,2016,Studio,407,
Germany,2017,Studio,535,
Germany,2018,Studio,781,
Germany,2019,Studio,759,
Germany,2020,Studio,668,
Germany,2021,Studio,872,
Germany,2022,Studio,874,
Germany,2023,Studio,832,
Germany,2024,Studio,597,
Germany,2025,Studio,677,
Denmark,2008,Studio,47,
Denmark,2009,Studio,11,
Denmark,2010,Studio,13,
Denmark,2011,Studio,9,
Denmark,2012,Studio,11,
Denmark,2013,Studio,12,
Denmark,2014,Studio,14,
Denmark,2015,Studio,20,
Denmark,2016,Studio,17,
Denmark,2017,Studio,18,
Denmark,2018,Studio,26,
Denmark,2019,Studio,11,
Denmark,2020,Studio,8,
Denmark,2021,Studio,6,
Denmark,2022,Studio,8,
Denmark,2023,Studio,10,
Denmark,2024,Studio,10,
Denmark,2025,Studio,4,
Estonia,2008,Studio,0,
Estonia,2009,Studio,0,
Estonia,2010,Studio,3,
Estonia,2011,Studio,1,
Estonia,2012,Studio,4,
Estonia,2013,Studio,2,
Estonia,2014,Studio,5,
Estonia,2015,Studio,5,
Estonia,2016,Studio,6,
Estonia,2017,Studio,1,
Estonia,2018,Studio,3,
Estonia,2019,Studio,8,
Estonia,2020,Studio,7,
Estonia,2021,Studio,1,
Estonia,2022,Studio,3,
Estonia,2023,Studio,1,
Estonia,2024,Studio,0,
Estonia,2025,Studio,3,
Greece,2008,Studio,90,
Greece,2009,Studio,65,
Greece,2010,Studio,25,
Greece,2011,Studio,27,
Greece,2012,Studio,17,
Greece,2013,Studio,25,
Greece,2014,Studio,32,
Greece,2015,Studio,34,
Greece,2016,Studio,35,
Greece,2017,Studio,50,
Greece,2018,Studio,56,
Greece,2019,Studio,61,
Greece,2020,Studio,35,
Greece,2021,Studio,47,
Greece,2022,Studio,82,
Greece,2023,Studio,50,
Greece,2024,Studio,31,
Greece,2025,Studio,33,
Spain,2008,Studio,22,
Spain,2009,Studio,25,
Spain,2010,Studio,20,
Spain,2011,Studio,35,
Spain,2012,Studio,25,
Spain,2013,Studio,29,
Spain,2014,Studio,34,
Spain,2015,Studio,45,
Spain,2016,Studio,76,
Spain,2017,Studio,66,
Spain,2018,Studio,61,
Spain,2019,Studio,70,
Spain,2020,Studio,73,
Spain,2021,Studio,76,
Spain,2022,Studio,111,
Spain,2023,Studio,128,b
Spain,2024,Studio,174,
Spain,2025,Studio,136,
Finland,2008,Studio,6,
Finland,2009,Studio,2,
Finland,2010,Studio,6,
Finland,2011,Studio,12,
Finland,2012,Studio,14,b
Finland,2013,Studio,11,
Finland,2014,Studio,15,
Finland,2015,Studio,9,
Finland,2016,Studio,23,
Finland,2017,Studio,18,
Finland,2018,Studio,22,
Finland,2019,Studio,10,
Finland,2020,Studio,7,
Finland,2021,Studio,11,
Finland,2022,Studio,6,
Finland,2023,Studio,3,
Finland,2024,Studio,7,
Finland,2025,Studio,4,
France,2008,Studio,86,
France,2009,Studio,97,
France,2010,Studio,121,
France,2011,Studio,110,
France,2012,Studio,128,
France,2013,Studio,147,
France,2014,Studio,162,
France,2015,Studio,149,
France,2016,Studio,179,
France,2017,Studio,240,
France,2018,Studio,215,
France,2019,Studio,205,
France,2020,Studio,190,
France,2021,Studio,211,
France,2022,Studio,186,
France,2023,Studio,215,
France,2024,Studio,168,
France,2025,Studio,161,
Croatia,2013,Studio,1,
Croatia,2014,Studio,4,
Croatia,2015,Studio,4,
Croatia,2016,Studio,3,
Croatia,2017,Studio,6,
Croatia,2018,Studio,9,
Croatia,2019,Studio,3,
Croatia,2020,Studio,1,
Croatia,2021,Studio,6,
Croatia,2022,Studio,9,
Croatia,2023,Studio,3,
Croatia,2024,Studio,2,
Croatia,2025,Studio,3,
Hungary,2008,Studio,21,
Hungary,2009,Studio,8,
Hungary,2010,Studio,15,
Hungary,2011,Studio,9,
Hungary,2012,Studio,9,
Hungary,2013,Studio,20,
Hungary,2014,Studio,16,
Hungary,2015,Studio,14,
Hungary,2016,Studio,19,
Hungary,2017,Studio,35,
Hungary,2018,Studio,38,
Hungary,2019,Studio,32,
Hungary,2020,Studio,30,
Hungary,2021,Studio,32,
Hungary,2022,Studio,30,
Hungary,2023,Studio,24,
Hungary,2024,Studio,39,
Hungary,2025,Studio,29,
Ireland,2008,Studio,5,
Ireland,2009,Studio,5,
Ireland,2010,Studio,8,
Ireland,2011,Studio,10,
Ireland,2012,Studio,7,
Ireland,2013,Studio,11,
Ireland,2014,Studio,9,
Ireland,2015,Studio,9,
Ireland,2016,Studio,4,
Ireland,2017,Studio,9,
Ireland,2018,Studio,7,
Ireland,2019,Studio,6,
Ireland,2020,Studio,3,
Ireland,2021,Studio,3,u
Ireland,2022,Studio,20,u
Ireland,2023,Studio,11,u
Ireland,2024,Studio,7,u
Ireland,2025,Studio,14,u
Iceland,2008,Studio,0,
Iceland,2009,Studio,1,
Iceland,2010,Studio,0,
Iceland,2011,Studio,1,
Iceland,2012,Studio,0,
Iceland,2013,Studio,1,
Iceland,2014,Studio,0,
Iceland,2015,Studio,0,
Iceland,2016,Studio,4,
Iceland,2017,Studio,2,
Iceland,2018,Studio,1,
Iceland,2019,Studio,2,
Iceland,2020,Studio,0,
Iceland,2021,Studio,0,
Iceland,2022,Studio,1,
Iceland,2023,Studio,0,
Iceland,2024,Studio,1,
Italy,2008,Studio,1729,
Italy,2009,Studio,1692,
Italy,2010,Studio,1029,
Italy,2011,Studio,702,
Italy,2012,Studio,564,
Italy,2013,Studio,466,
Italy,2014,Studio,412,
Italy,2015,Studio,402,
Italy,2016,Studio,321,
Italy,2017,Studio,337,
Italy,2018,Studio,526,
Italy,2019,Studio,519,
Italy,2020,Studio,184,
Italy,2021,Studio,641,
Italy,2022,Studio,760,
Italy,2023,Studio,793,
Italy,2024,Studio,623,
Italy,2025,Studio,689,
Liechtenstein,2013,Studio,0,
Liechtenstein,2014,Studio,0,
Liechtenstein,2015,Studio,0,
Liechtenstein,2016,Studio,0,
Liechtenstein,2017,Studio,3,
Liechtenstein,2018,Studio,2,
Liechtenstein,2019,Studio,0,
Liechtenstein,2020,Studio,0,
Liechtenstein,2021,Studio,0,
Liechtenstein,2022,Studio,0,
Liechtenstein,2023,Studio,0,
Liechtenstein,2024,Studio,0,
Liechtenstein,2025,Studio,0,
Lithuania,2008,Studio,2,
Lithuania,2009,Studio,2,
Lithuania,2010,Studio,1,
Lithuania,2011,Studio,0,
Lithuania,2012,Studio,2,
Lithuania,2013,Studio,3,
Lithuania,2014,Studio,4,
Lithuania,2015,Studio,9,
Lithuania,2016,Studio,3,
Lithuania,2017,Studio,9,
Lithuania,2018,Studio,11,
Lithuania,2019,Studio,8,
Lithuania,2020,Studio,4,
Lithuania,2021,Studio,10,
Lithuania,2022,Studio,5,
Lithuania,2023,Studio,8,
Lithuania,2024,Studio,6,
Lithuania,2025,Studio,1,
Luxembourg,2008,Studio,0,
Luxembourg,2009,Studio,2,
Luxembourg,2010,Studio,1,
Luxembourg,2011,Studio,2,
Luxembourg,2012,Studio,0,
Luxembourg,2013,Studio,1,
Luxembourg,2014,Studio,4,
Luxembourg,2015,Studio,1,
Luxembourg,2016,Studio,11,
Luxembourg,2017,Studio,10,
Luxembourg,2018,Studio,11,
Luxembourg,2019,Studio,17,
Luxembourg,2020,Studio,8,
Luxembourg,2021,Studio,11,
Luxembourg,2022,Studio,9,
Luxembourg,2023,Studio,10,
Luxembourg,2024,Studio,18,
Luxembourg,2025,Studio,4,
Latvia,2008,Studio,0,
Latvia,2009,Studio,1,
Latvia,2010,Studio,1,
Latvia,2011,Studio,2,
Latvia,2012,Studio,1,
Latvia,2013,Studio,1,
Latvia,2014,Studio,0,
Latvia,2015,Studio,1,
Latvia,2016,Studio,0,
Latvia,2017,Studio,3,
Latvia,2018,Studio,0,
Latvia,2019,Studio,0,
Latvia,2020,Studio,3,
Latvia,2021,Studio,1,
Latvia,2022,Studio,1,
Latvia,2023,Studio,0,
Latvia,2024,Studio,2,
Latvia,2025,Studio,0,
Malta,2008,Studio,8,
Malta,2009,Studio,0,
Malta,2010,Studio,0,
Malta,2011,Studio,2,
Malta,2012,Studio,1,
Malta,2013,Studio,2,
Malta,2014,Studio,3,
Malta,2015,Studio,1,
Malta,2016,Studio,1,
Malta,2017,Studio,0,
Malta,2018,Studio,0,
Malta,2019,Studio,0,
Malta,2020,Studio,2,
Malta,2021,Studio,2,
Malta,2022,Studio,2,
Malta,2023,Studio,1,
Malta,2024,Studio,2,
Malta,2025,Studio,2,
Netherlands,2008,Studio,25,
Netherlands,2009,Studio,42,
Netherlands,2010,Studio,36,
Netherlands,2011,Studio,39,
Netherlands,2012,Studio,53,
Netherlands,2013,Studio,52,
Netherlands,2014,Studio,81,
Netherlands,2015,Studio,73,
Netherlands,2016,Studio,106,
Netherlands,2017,Studio,96,
Netherlands,2018,Studio,83,
Netherlands,2019,Studio,97,
Netherlands,2020,Studio,87,
Netherlands,2021,Studio,82,
Netherlands,2022,Studio,99,
Netherlands,2023,Studio,74,
Netherlands,2024,Studio,74,
Netherlands,2025,Studio,55,
Norway,2008,Studio,12,
Norway,2009,Studio,5,
Norway,2010,Studio,13,
Norway,2011,Studio,10,
Norway,2012,Studio,23,
Norway,2013,Studio,23,
Norway,2014,Studio,18,
Norway,2015,Studio,23,
Norway,2016,Studio,20,
Norway,2017,Studio,19,
Norway,2018,Studio,27,
Norway,2019,Studio,31,
Norway,2020,Studio,15,
Norway,2021,Studio,26,
Norway,2022,Studio,19,
Norway,2023,Studio,12,
Norway,2024,Studio,10,
Norway,2025,Studio,15,
Poland,2008,Studio,73,
Poland,2009,Studio,67,
Poland,2010,Studio,60,
Poland,2011,Studio,14,
Poland,2012,Studio,26,
Poland,2013,Studio,54,
Poland,2014,Studio,42,
Poland,2015,Studio,43,
Poland,2016,Studio,38,
Poland,2017,Studio,68,
Poland,2018,Studio,73,
Poland,2019,Studio,44,
Poland,2020,Studio,17,
Poland,2021,Studio,51,
Poland,2022,Studio,35,
Poland,2023,Studio,37,
Poland,2024,Studio,34,
Poland,2025,Studio,27,
Portugal,2008,Studio,1,
Portugal,2009,Studio,0,
Portugal,2010,Studio,1,
Portugal,2011,Studio,2,
Portugal,2012,Studio,0,
Portugal,2013,Studio,1,
Portugal,2014,Studio,2,
Portugal,2015,Studio,1,
Portugal,2016,Studio,5,
Portugal,2017,Studio,0,
Portugal,2018,Studio,4,
Portugal,2019,Studio,2,
Portugal,2020,Studio,2,
Portugal,2021,Studio,0,
Portugal,2022,Studio,3,
Portugal,2023,Studio,6,
Portugal,2024,Studio,3,
Portugal,2025,Studio,5,
Romania,2008,Studio,41,
Romania,2009,Studio,47,
Romania,2010,Studio,32,
Romania,2011,Studio,37,
Romania,2012,Studio,57,
Romania,2013,Studio,73,
Romania,2014,Studio,75,
Romania,2015,Studio,87,
Romania,2016,Studio,69,
Romania,2017,Studio,48,
Romania,2018,Studio,78,
Romania,2019,Studio,64,
Romania,2020,Studio,104,
Romania,2021,Studio,69,
Romania,2022,Studio,47,
Romania,2023,Studio,64,
Romania,2024,Studio,44,
Romania,2025,Studio,38,
Serbia,2024,Studio,1,
Serbia,2025,Studio,2,
Sweden,2008,Studio,34,
Sweden,2009,Studio,24,
Sweden,2010,Studio,28,
Sweden,2011,Studio,12,
Sweden,2012,Studio,13,
Sweden,2013,Studio,13,
Sweden,2014,Studio,16,
Sweden,2015,Studio,25,
Sweden,2016,Studio,18,
Sweden,2017,Studio,34,
Sweden,2018,Studio,36,
Sweden,2019,Studio,31,
Sweden,2020,Studio,28,
Sweden,2021,Studio,32,
Sweden,2022,Studio,40,
Sweden,2023,Studio,22,
Sweden,2024,Studio,30,
Sweden,2025,Studio,29,
Slovenia,2008,Studio,3,
Slovenia,2009,Studio,0,
Slovenia,2010,Studio,0,
Slovenia,2011,Studio,2,
Slovenia,2012,Studio,2,
Slovenia,2013,Studio,1,
Slovenia,2014,Studio,9,
Slovenia,2015,Studio,6,
Slovenia,2016,Studio,8,
Slovenia,2017,Studio,10,
Slovenia,2018,Studio,3,
Slovenia,2019,Studio,2,
Slovenia,2020,Studio,9,
Slovenia,2021,Studio,3,
Slovenia,2022,Studio,2,
Slovenia,2023,Studio,7,
Slovenia,2024,Studio,5,
Slovenia,2025,Studio,6,
Slovakia,2008,Studio,0,
Slovakia,2009,Studio,0,
Slovakia,2010,Studio,1,
Slovakia,2011,Studio,4,
Slovakia,2012,Studio,3,
Slovakia,2013,Studio,3,
Slovakia,2014,Studio,3,
Slovakia,2015,Studio,3,
Slovakia,2016,Studio,3,
Slovakia,2017,Studio,4,
Slovakia,2018,Studio,1,
Slovakia,2019,Studio,0,
Slovakia,2020,Studio,3,
Slovakia,2021,Studio,4,
Slovakia,2022,Studio,2,
Slovakia,2023,Studio,5,
Slovakia,2024,Studio,1,
Slovakia,2025,Studio,2,
United Kingdom,2008,Studio,245,
United Kingdom,2009,Studio,304,
United Kingdom,2010,Studio,330,
United Kingdom,2011,Studio,263,
United Kingdom,2012,Studio,220,
United Kingdom,2013,Studio,180,
United Kingdom,2014,Studio,162,
United Kingdom,2015,Studio,185,
United Kingdom,2016,Studio,151,
United Kingdom,2017,Studio,152,
United Kingdom,2018,Studio,156,
Austria,2008,Lavoro,9,
Austria,2009,Lavoro,6,
Austria,2010,Lavoro,8,
Austria,2011,Lavoro,3,
Austria,2012,Lavoro,12,
Austria,2013,Lavoro,13,
Austria,2014,Lavoro,13,
Austria,2015,Lavoro,15,
Austria,2016,Lavoro,26,
Austria,2017,Lavoro,31,
Austria,2018,Lavoro,29,
Austria,2019,Lavoro,46,
Austria,2020,Lavoro,29,
Austria,2021,Lavoro,50,
Austria,2022,Lavoro,98,
Austria,2023,Lavoro,91,
Austria,2024,Lavoro,74,
Austria,2025,Lavoro,50,
Belgium,2008,Lavoro,3,
Belgium,2009,Lavoro,22,
Belgium,2010,Lavoro,15,
Belgium,2011,Lavoro,17,
Belgium,2012,Lavoro,16,
Belgium,2013,Lavoro,30,
Belgium,2014,Lavoro,51,
Belgium,2015,Lavoro,54,
Belgium,2016,Lavoro,85,
Belgium,2017,Lavoro,86,
Belgium,2018,Lavoro,53,
Belgium,2019,Lavoro,56,
Belgium,2020,Lavoro,66,
Belgium,2021,Lavoro,106,
Belgium,2022,Lavoro,179,
Belgium,2023,Lavoro,200,
Belgium,2024,Lavoro,299,
Belgium,2025,Lavoro,192,
Bulgaria,2008,Lavoro,2,
Bulgaria,2009,Lavoro,0,
Bulgaria,2010,Lavoro,0,
Bulgaria,2011,Lavoro,0,
Bulgaria,2012,Lavoro,4,
Bulgaria,2013,Lavoro,1,
Bulgaria,2014,Lavoro,1,
Bulgaria,2015,Lavoro,4,
Bulgaria,2016,Lavoro,1,
Bulgaria,2017,Lavoro,5,
Bulgaria,2018,Lavoro,7,
Bulgaria,2019,Lavoro,18,
Bulgaria,2020,Lavoro,16,
Bulgaria,2021,Lavoro,36,
Bulgaria,2022,Lavoro,25,
Bulgaria,2023,Lavoro,20,
Bulgaria,2024,Lavoro,19,
Bulgaria,2025,Lavoro,27,
Switzerland,2012,Lavoro,10,
Switzerland,2013,Lavoro,33,
Switzerland,2014,Lavoro,0,
Switzerland,2015,Lavoro,59,
Switzerland,2016,Lavoro,65,
Switzerland,2017,Lavoro,65,
Switzerland,2018,Lavoro,40,
Switzerland,2020,Lavoro,42,
Switzerland,2021,Lavoro,41,
Switzerland,2022,Lavoro,65,
Switzerland,2023,Lavoro,85,
Switzerland,2024,Lavoro,72,
Switzerland,2025,Lavoro,45,
Cyprus,2008,Lavoro,37,
Cyprus,2009,Lavoro,12,
Cyprus,2010,Lavoro,21,
Cyprus,2011,Lavoro,34,
Cyprus,2012,Lavoro,19,
Cyprus,2013,Lavoro,15,
Cyprus,2014,Lavoro,5,
Cyprus,2015,Lavoro,5,
Cyprus,2016,Lavoro,8,
Cyprus,2017,Lavoro,7,
Cyprus,2018,Lavoro,30,
Cyprus,2019,Lavoro,13,
Cyprus,2020,Lavoro,9,
Cyprus,2021,Lavoro,12,
Cyprus,2022,Lavoro,23,
Cyprus,2023,Lavoro,5,
Cyprus,2024,Lavoro,15,
Cyprus,2025,Lavoro,16,
Czechia,2008,Lavoro,10,
Czechia,2009,Lavoro,7,
Czechia,2010,Lavoro,1,
Czechia,2011,Lavoro,0,
Czechia,2012,Lavoro,12,
Czechia,2013,Lavoro,6,
Czechia,2014,Lavoro,3,
Czechia,2015,Lavoro,14,
Czechia,2016,Lavoro,26,
Czechia,2017,Lavoro,27,
Czechia,2018,Lavoro,83,
Czechia,2019,Lavoro,145,
Czechia,2020,Lavoro,41,
Czechia,2021,Lavoro,36,
Czechia,2022,Lavoro,92,
Czechia,2023,Lavoro,73,
Czechia,2024,Lavoro,42,
Czechia,2025,Lavoro,41,
Germany,2008,Lavoro,45,
Germany,2009,Lavoro,28,
Germany,2010,Lavoro,30,
Germany,2011,Lavoro,38,
Germany,2012,Lavoro,74,
Germany,2013,Lavoro,110,
Germany,2014,Lavoro,126,
Germany,2015,Lavoro,57,
Germany,2016,Lavoro,772,
Germany,2017,Lavoro,1796,
Germany,2018,Lavoro,3549,
Germany,2019,Lavoro,4297,
Germany,2020,Lavoro,2564,
Germany,2021,Lavoro,2172,
Germany,2022,Lavoro,5003,
Germany,2023,Lavoro,5485,
Germany,2024,Lavoro,3939,
Germany,2025,Lavoro,6291,
Denmark,2008,Lavoro,11,
Denmark,2009,Lavoro,11,
Denmark,2010,Lavoro,11,
Denmark,2011,Lavoro,7,
Denmark,2012,Lavoro,6,
Denmark,2013,Lavoro,13,
Denmark,2014,Lavoro,7,
Denmark,2015,Lavoro,4,
Denmark,2016,Lavoro,16,
Denmark,2017,Lavoro,20,
Denmark,2018,Lavoro,21,
Denmark,2019,Lavoro,17,
Denmark,2020,Lavoro,22,
Denmark,2021,Lavoro,31,
Denmark,2022,Lavoro,189,
Denmark,2023,Lavoro,230,
Denmark,2024,Lavoro,155,
Denmark,2025,Lavoro,388,
Estonia,2008,Lavoro,0,
Estonia,2009,Lavoro,0,
Estonia,2010,Lavoro,0,
Estonia,2011,Lavoro,0,
Estonia,2012,Lavoro,0,
Estonia,2013,Lavoro,0,
Estonia,2014,Lavoro,0,
Estonia,2015,Lavoro,0,
Estonia,2016,Lavoro,2,
Estonia,2017,Lavoro,1,
Estonia,2018,Lavoro,0,
Estonia,2019,Lavoro,0,
Estonia,2020,Lavoro,1,
Estonia,2021,Lavoro,4,
Estonia,2022,Lavoro,2,
Estonia,2023,Lavoro,1,
Estonia,2024,Lavoro,2,
Estonia,2025,Lavoro,1,
Greece,2008,Lavoro,13076,
Greece,2009,Lavoro,13942,
Greece,2010,Lavoro,7750,
Greece,2011,Lavoro,3893,
Greece,2012,Lavoro,183,
Greece,2013,Lavoro,201,
Greece,2014,Lavoro,586,
Greece,2015,Lavoro,519,
Greece,2016,Lavoro,1414,
Greece,2017,Lavoro,1157,
Greece,2018,Lavoro,1635,
Greece,2019,Lavoro,1913,
Greece,2020,Lavoro,821,
Greece,2021,Lavoro,874,
Greece,2022,Lavoro,3082,
Greece,2023,Lavoro,2839,
Greece,2024,Lavoro,7213,
Greece,2025,Lavoro,2029,
Spain,2008,Lavoro,20,
Spain,2009,Lavoro,18,
Spain,2010,Lavoro,12,
Spain,2011,Lavoro,17,
Spain,2012,Lavoro,22,
Spain,2013,Lavoro,18,
Spain,2014,Lavoro,17,
Spain,2015,Lavoro,19,
Spain,2016,Lavoro,22,
Spain,2017,Lavoro,25,
Spain,2018,Lavoro,43,
Spain,2019,Lavoro,36,
Spain,2020,Lavoro,59,
Spain,2021,Lavoro,68,
Spain,2022,Lavoro,96,
Spain,2023,Lavoro,82,
Spain,2024,Lavoro,82,
Spain,2025,Lavoro,226,
Finland,2008,Lavoro,44,
Finland,2009,Lavoro,6,
Finland,2010,Lavoro,4,
Finland,2011,Lavoro,5,
Finland,2012,Lavoro,19,b
Finland,2013,Lavoro,20,
Finland,2014,Lavoro,16,
Finland,2015,Lavoro,20,
Finland,2016,Lavoro,22,
Finland,2017,Lavoro,36,
Finland,2018,Lavoro,45,
Finland,2019,Lavoro,76,
Finland,2020,Lavoro,93,
Finland,2021,Lavoro,96,
Finland,2022,Lavoro,241,
Finland,2023,Lavoro,224,
Finland,2024,Lavoro,116,
Finland,2025,Lavoro,41,
France,2008,Lavoro,31,
France,2009,Lavoro,21,
France,2010,Lavoro,20,
France,2011,Lavoro,23,
France,2012,Lavoro,17,
France,2013,Lavoro,53,
France,2014,Lavoro,48,
France,2015,Lavoro,69,
France,2016,Lavoro,111,
France,2017,Lavoro,142,
France,2018,Lavoro,184,
France,2019,Lavoro,241,
France,2020,Lavoro,220,
France,2021,Lavoro,325,
France,2022,Lavoro,430,
France,2023,Lavoro,582,
France,2024,Lavoro,557,
France,2025,Lavoro,432,
Croatia,2013,Lavoro,1,
Croatia,2014,Lavoro,1,
Croatia,2015,Lavoro,4,
Croatia,2016,Lavoro,5,
Croatia,2017,Lavoro,290,
Croatia,2018,Lavoro,1072,
Croatia,2019,Lavoro,2194,
Croatia,2020,Lavoro,1676,
Croatia,2021,Lavoro,1755,
Croatia,2022,Lavoro,1924,
Croatia,2023,Lavoro,1749,
Croatia,2024,Lavoro,1440,
Croatia,2025,Lavoro,781,
Hungary,2008,Lavoro,21,
Hungary,2009,Lavoro,0,
Hungary,2010,Lavoro,2,
Hungary,2011,Lavoro,9,
Hungary,2012,Lavoro,10,
Hungary,2013,Lavoro,32,
Hungary,2014,Lavoro,43,
Hungary,2015,Lavoro,68,
Hungary,2016,Lavoro,76,
Hungary,2017,Lavoro,90,
Hungary,2018,Lavoro,178,
Hungary,2019,Lavoro,245,
Hungary,2020,Lavoro,174,
Hungary,2021,Lavoro,210,
Hungary,2022,Lavoro,282,
Hungary,2023,Lavoro,238,
Hungary,2024,Lavoro,297,
Hungary,2025,Lavoro,117,
Ireland,2008,Lavoro,2,
Ireland,2009,Lavoro,5,
Ireland,2010,Lavoro,5,
Ireland,2011,Lavoro,3,
Ireland,2012,Lavoro,5,
Ireland,2013,Lavoro,3,
Ireland,2014,Lavoro,2,
Ireland,2015,Lavoro,4,
Ireland,2016,Lavoro,8,u
Ireland,2017,Lavoro,7,u
Ireland,2018,Lavoro,11,u
Ireland,2019,Lavoro,16,u
Ireland,2020,Lavoro,9,
Ireland,2021,Lavoro,13,u
Ireland,2022,Lavoro,50,u
Ireland,2023,Lavoro,36,u
Ireland,2024,Lavoro,17,u
Ireland,2025,Lavoro,23,u
Iceland,2008,Lavoro,0,
Iceland,2009,Lavoro,0,
Iceland,2010,Lavoro,0,
Iceland,2011,Lavoro,0,
Iceland,2012,Lavoro,0,
Iceland,2013,Lavoro,0,
Iceland,2014,Lavoro,0,
Iceland,2015,Lavoro,0,
Iceland,2016,Lavoro,6,
Iceland,2017,Lavoro,5,
Iceland,2018,Lavoro,4,
Iceland,2019,Lavoro,8,
Iceland,2020,Lavoro,4,
Iceland,2021,Lavoro,4,
Iceland,2022,Lavoro,11,
Iceland,2023,Lavoro,25,
Iceland,2024,Lavoro,7,
Italy,2008,Lavoro,25151,
Italy,2009,Lavoro,12772,
Italy,2010,Lavoro,21341,
Italy,2011,Lavoro,6222,
Italy,2012,Lavoro,3465,
Italy,2013,Lavoro,3257,
Italy,2014,Lavoro,2187,
Italy,2015,Lavoro,1151,
Italy,2016,Lavoro,1218,
Italy,2017,Lavoro,1198,
Italy,2018,Lavoro,1675,
Italy,2019,Lavoro,1481,
Italy,2020,Lavoro,904,
Italy,2021,Lavoro,5793,
Italy,2022,Lavoro,5791,
Italy,2023,Lavoro,3216,
Italy,2024,Lavoro,3048,
Italy,2025,Lavoro,3101,
Liechtenstein,2013,Lavoro,0,
Liechtenstein,2014,Lavoro,0,
Liechtenstein,2015,Lavoro,0,
Liechtenstein,2016,Lavoro,0,
Liechtenstein,2017,Lavoro,0,
Liechtenstein,2018,Lavoro,0,
Liechtenstein,2019,Lavoro,0,
Liechtenstein,2020,Lavoro,0,
Liechtenstein,2021,Lavoro,0,
Liechtenstein,2022,Lavoro,1,
Liechtenstein,2023,Lavoro,1,
Liechtenstein,2024,Lavoro,0,
Liechtenstein,2025,Lavoro,0,
Lithuania,2008,Lavoro,0,
Lithuania,2009,Lavoro,0,
Lithuania,2010,Lavoro,0,
Lithuania,2011,Lavoro,0,
Lithuania,2012,Lavoro,0,
Lithuania,2013,Lavoro,2,
Lithuania,2014,Lavoro,4,
Lithuania,2015,Lavoro,0,
Lithuania,2016,Lavoro,1,
Lithuania,2017,Lavoro,0,
Lithuania,2018,Lavoro,0,
Lithuania,2019,Lavoro,11,
Lithuania,2020,Lavoro,4,
Lithuania,2021,Lavoro,4,
Lithuania,2022,Lavoro,25,
Lithuania,2023,Lavoro,46,
Lithuania,2024,Lavoro,29,
Lithuania,2025,Lavoro,5,
Luxembourg,2009,Lavoro,5,
Luxembourg,2010,Lavoro,0,
Luxembourg,2011,Lavoro,2,
Luxembourg,2012,Lavoro,1,
Luxembourg,2013,Lavoro,11,
Luxembourg,2014,Lavoro,6,
Luxembourg,2015,Lavoro,11,
Luxembourg,2016,Lavoro,14,
Luxembourg,2017,Lavoro,13,
Luxembourg,2018,Lavoro,34,
Luxembourg,2019,Lavoro,42,
Luxembourg,2020,Lavoro,26,
Luxembourg,2021,Lavoro,30,
Luxembourg,2022,Lavoro,57,
Luxembourg,2023,Lavoro,55,
Luxembourg,2024,Lavoro,31,
Luxembourg,2025,Lavoro,15,
Latvia,2008,Lavoro,0,
Latvia,2009,Lavoro,0,
Latvia,2010,Lavoro,0,
Latvia,2011,Lavoro,0,
Latvia,2012,Lavoro,0,
Latvia,2013,Lavoro,0,
Latvia,2014,Lavoro,1,
Latvia,2015,Lavoro,1,
Latvia,2016,Lavoro,1,
Latvia,2017,Lavoro,0,
Latvia,2018,Lavoro,1,
Latvia,2019,Lavoro,1,
Latvia,2020,Lavoro,2,
Latvia,2021,Lavoro,4,
Latvia,2022,Lavoro,0,
Latvia,2023,Lavoro,4,
Latvia,2024,Lavoro,0,
Latvia,2025,Lavoro,20,
Malta,2008,Lavoro,2,
Malta,2009,Lavoro,1,
Malta,2010,Lavoro,0,
Malta,2011,Lavoro,9,
Malta,2012,Lavoro,20,
Malta,2013,Lavoro,15,
Malta,2014,Lavoro,12,
Malta,2015,Lavoro,24,
Malta,2016,Lavoro,23,
Malta,2017,Lavoro,161,
Malta,2018,Lavoro,468,
Malta,2019,Lavoro,1151,
Malta,2020,Lavoro,388,
Malta,2021,Lavoro,1049,
Malta,2022,Lavoro,1879,
Malta,2023,Lavoro,971,
Malta,2024,Lavoro,482,
Malta,2025,Lavoro,394,
Netherlands,2008,Lavoro,11,
Netherlands,2009,Lavoro,6,
Netherlands,2010,Lavoro,7,
Netherlands,2011,Lavoro,4,
Netherlands,2012,Lavoro,10,
Netherlands,2013,Lavoro,12,
Netherlands,2014,Lavoro,15,
Netherlands,2015,Lavoro,16,
Netherlands,2016,Lavoro,20,
Netherlands,2017,Lavoro,34,
Netherlands,2018,Lavoro,34,
Netherlands,2019,Lavoro,46,
Netherlands,2020,Lavoro,23,
Netherlands,2021,Lavoro,51,
Netherlands,2022,Lavoro,118,
Netherlands,2023,Lavoro,64,
Netherlands,2024,Lavoro,62,
Netherlands,2025,Lavoro,37,
Norway,2008,Lavoro,25,
Norway,2009,Lavoro,21,
Norway,2010,Lavoro,27,
Norway,2011,Lavoro,30,
Norway,2012,Lavoro,25,
Norway,2013,Lavoro,15,
Norway,2014,Lavoro,29,
Norway,2015,Lavoro,47,
Norway,2016,Lavoro,55,
Norway,2017,Lavoro,59,
Norway,2018,Lavoro,56,
Norway,2019,Lavoro,64,
Norway,2020,Lavoro,46,
Norway,2021,Lavoro,68,
Norway,2022,Lavoro,109,
Norway,2023,Lavoro,74,
Norway,2024,Lavoro,48,
Norway,2025,Lavoro,39,
Poland,2008,Lavoro,12,
Poland,2009,Lavoro,8,
Poland,2010,Lavoro,5,
Poland,2011,Lavoro,2,
Poland,2012,Lavoro,2,
Poland,2013,Lavoro,7,
Poland,2014,Lavoro,12,
Poland,2015,Lavoro,13,
Poland,2016,Lavoro,20,
Poland,2017,Lavoro,48,
Poland,2018,Lavoro,113,
Poland,2019,Lavoro,81,
Poland,2020,Lavoro,103,
Poland,2021,Lavoro,182,
Poland,2022,Lavoro,465,
Poland,2023,Lavoro,722,
Poland,2024,Lavoro,392,
Poland,2025,Lavoro,175,
Portugal,2008,Lavoro,1,
Portugal,2009,Lavoro,1,
Portugal,2010,Lavoro,1,
Portugal,2011,Lavoro,0,
Portugal,2012,Lavoro,1,
Portugal,2013,Lavoro,1,
Portugal,2014,Lavoro,3,
Portugal,2015,Lavoro,1,
Portugal,2016,Lavoro,2,
Portugal,2017,Lavoro,3,
Portugal,2018,Lavoro,4,
Portugal,2019,Lavoro,4,
Portugal,2020,Lavoro,6,
Portugal,2021,Lavoro,0,
Portugal,2022,Lavoro,13,
Portugal,2023,Lavoro,16,
Portugal,2024,Lavoro,6,
Portugal,2025,Lavoro,19,b
Romania,2008,Lavoro,8,
Romania,2009,Lavoro,1,
Romania,2010,Lavoro,2,
Romania,2011,Lavoro,33,
Romania,2012,Lavoro,9,
Romania,2013,Lavoro,2,
Romania,2014,Lavoro,3,
Romania,2015,Lavoro,5,
Romania,2016,Lavoro,8,
Romania,2017,Lavoro,3,
Romania,2018,Lavoro,19,
Romania,2019,Lavoro,97,
Romania,2020,Lavoro,86,
Romania,2021,Lavoro,84,
Romania,2022,Lavoro,86,
Romania,2023,Lavoro,44,
Romania,2024,Lavoro,37,
Romania,2025,Lavoro,27,
Serbia,2024,Lavoro,8,
Serbia,2025,Lavoro,28,
Sweden,2008,Lavoro,44,
Sweden,2009,Lavoro,43,
Sweden,2010,Lavoro,25,
Sweden,2011,Lavoro,33,
Sweden,2012,Lavoro,30,
Sweden,2013,Lavoro,29,
Sweden,2014,Lavoro,41,
Sweden,2015,Lavoro,134,
Sweden,2016,Lavoro,228,
Sweden,2017,Lavoro,377,
Sweden,2018,Lavoro,543,
Sweden,2019,Lavoro,539,
Sweden,2020,Lavoro,339,
Sweden,2021,Lavoro,281,
Sweden,2022,Lavoro,411,
Sweden,2023,Lavoro,303,
Sweden,2024,Lavoro,191,
Sweden,2025,Lavoro,213,
Slovenia,2008,Lavoro,35,
Slovenia,2009,Lavoro,99,
Slovenia,2010,Lavoro,26,
Slovenia,2011,Lavoro,2,
Slovenia,2012,Lavoro,1,
Slovenia,2013,Lavoro,7,
Slovenia,2014,Lavoro,2,
Slovenia,2015,Lavoro,4,
Slovenia,2016,Lavoro,5,
Slovenia,2017,Lavoro,7,
Slovenia,2018,Lavoro,34,
Slovenia,2019,Lavoro,100,
Slovenia,2020,Lavoro,32,
Slovenia,2021,Lavoro,92,
Slovenia,2022,Lavoro,102,
Slovenia,2023,Lavoro,171,
Slovenia,2024,Lavoro,114,
Slovenia,2025,Lavoro,114,
Slovakia,2008,Lavoro,0,
Slovakia,2009,Lavoro,1,
Slovakia,2010,Lavoro,1,
Slovakia,2011,Lavoro,3,
Slovakia,2012,Lavoro,2,
Slovakia,2013,Lavoro,2,
Slovakia,2014,Lavoro,4,
Slovakia,2015,Lavoro,2,
Slovakia,2016,Lavoro,4,
Slovakia,2017,Lavoro,8,
Slovakia,2018,Lavoro,16,
Slovakia,2019,Lavoro,52,
Slovakia,2020,Lavoro,27,
Slovakia,2021,Lavoro,91,
Slovakia,2022,Lavoro,396,
Slovakia,2023,Lavoro,668,
Slovakia,2024,Lavoro,306,
Slovakia,2025,Lavoro,118,
United Kingdom,2008,Lavoro,87,
United Kingdom,2009,Lavoro,60,
United Kingdom,2010,Lavoro,38,
United Kingdom,2011,Lavoro,25,
United Kingdom,2012,Lavoro,31,
United Kingdom,2013,Lavoro,47,
United Kingdom,2014,Lavoro,48,
United Kingdom,2015,Lavoro,48,
United Kingdom,2016,Lavoro,33,
United Kingdom,2017,Lavoro,46,
United Kingdom,2018,Lavoro,48,
United Kingdom,2019,Lavoro,0,
Austria,2008,Famiglia,27,
Austria,2009,Famiglia,26,
Austria,2010,Famiglia,39,
Austria,2011,Famiglia,40,
Austria,2012,Famiglia,53,
Austria,2013,Famiglia,55,
Austria,2014,Famiglia,72,
Austria,2015,Famiglia,104,
Austria,2016,Famiglia,118,
Austria,2017,Famiglia,115,
Austria,2018,Famiglia,130,
Austria,2019,Famiglia,158,
Austria,2020,Famiglia,136,
Austria,2021,Famiglia,167,
Austria,2022,Famiglia,251,
Austria,2023,Famiglia,218,
Austria,2024,Famiglia,208,
Austria,2025,Famiglia,193,
Belgium,2008,Famiglia,200,
Belgium,2009,Famiglia,286,
Belgium,2010,Famiglia,308,
Belgium,2011,Famiglia,308,
Belgium,2012,Famiglia,203,
Belgium,2013,Famiglia,245,
Belgium,2014,Famiglia,273,
Belgium,2015,Famiglia,296,
Belgium,2016,Famiglia,295,
Belgium,2017,Famiglia,327,
Belgium,2018,Famiglia,377,
Belgium,2019,Famiglia,397,
Belgium,2020,Famiglia,336,
Belgium,2021,Famiglia,392,
Belgium,2022,Famiglia,438,
Belgium,2023,Famiglia,507,
Belgium,2024,Famiglia,637,
Belgium,2025,Famiglia,581,
Bulgaria,2008,Famiglia,19,
Bulgaria,2009,Famiglia,12,
Bulgaria,2010,Famiglia,14,
Bulgaria,2011,Famiglia,10,
Bulgaria,2012,Famiglia,31,
Bulgaria,2013,Famiglia,21,
Bulgaria,2014,Famiglia,17,
Bulgaria,2015,Famiglia,18,
Bulgaria,2016,Famiglia,38,
Bulgaria,2017,Famiglia,20,
Bulgaria,2018,Famiglia,43,
Bulgaria,2019,Famiglia,43,
Bulgaria,2020,Famiglia,25,
Bulgaria,2021,Famiglia,38,
Bulgaria,2022,Famiglia,21,
Bulgaria,2023,Famiglia,25,
Bulgaria,2024,Famiglia,21,
Bulgaria,2025,Famiglia,13,
Switzerland,2012,Famiglia,74,
Switzerland,2013,Famiglia,87,
Switzerland,2014,Famiglia,101,
Switzerland,2015,Famiglia,133,
Switzerland,2016,Famiglia,150,
Switzerland,2017,Famiglia,189,
Switzerland,2018,Famiglia,202,
Switzerland,2019,Famiglia,245,
Switzerland,2020,Famiglia,236,
Switzerland,2021,Famiglia,276,
Switzerland,2022,Famiglia,308,
Switzerland,2023,Famiglia,339,
Switzerland,2024,Famiglia,354,
Switzerland,2025,Famiglia,291,
Cyprus,2008,Famiglia,3,
Cyprus,2009,Famiglia,1,
Cyprus,2010,Famiglia,8,
Cyprus,2011,Famiglia,3,
Cyprus,2012,Famiglia,11,
Cyprus,2013,Famiglia,5,
Cyprus,2014,Famiglia,13,
Cyprus,2015,Famiglia,22,
Cyprus,2016,Famiglia,12,
Cyprus,2017,Famiglia,34,
Cyprus,2018,Famiglia,32,
Cyprus,2019,Famiglia,37,
Cyprus,2020,Famiglia,19,
Cyprus,2021,Famiglia,14,
Cyprus,2022,Famiglia,39,
Cyprus,2023,Famiglia,34,
Cyprus,2024,Famiglia,25,
Cyprus,2025,Famiglia,32,
Czechia,2008,Famiglia,15,
Czechia,2009,Famiglia,23,
Czechia,2010,Famiglia,15,
Czechia,2011,Famiglia,38,
Czechia,2012,Famiglia,7,
Czechia,2013,Famiglia,14,
Czechia,2014,Famiglia,14,
Czechia,2015,Famiglia,31,
Czechia,2016,Famiglia,48,
Czechia,2017,Famiglia,33,
Czechia,2018,Famiglia,31,
Czechia,2019,Famiglia,51,
Czechia,2020,Famiglia,32,
Czechia,2021,Famiglia,33,
Czechia,2022,Famiglia,37,
Czechia,2023,Famiglia,36,
Czechia,2024,Famiglia,32,
Czechia,2025,Famiglia,31,
Germany,2008,Famiglia,255,
Germany,2009,Famiglia,224,
Germany,2010,Famiglia,194,
Germany,2011,Famiglia,191,
Germany,2012,Famiglia,430,
Germany,2013,Famiglia,667,
Germany,2014,Famiglia,873,
Germany,2015,Famiglia,1702,
Germany,2016,Famiglia,1795,
Germany,2017,Famiglia,2358,
Germany,2018,Famiglia,3939,
Germany,2019,Famiglia,4477,
Germany,2020,Famiglia,4901,
Germany,2021,Famiglia,6765,
Germany,2022,Famiglia,8081,
Germany,2023,Famiglia,8494,
Germany,2024,Famiglia,7480,
Germany,2025,Famiglia,8909,
Denmark,2008,Famiglia,12,
Denmark,2009,Famiglia,6,
Denmark,2010,Famiglia,13,
Denmark,2011,Famiglia,5,
Denmark,2012,Famiglia,10,
Denmark,2013,Famiglia,16,
Denmark,2014,Famiglia,14,
Denmark,2015,Famiglia,13,
Denmark,2016,Famiglia,16,
Denmark,2017,Famiglia,23,
Denmark,2018,Famiglia,20,
Denmark,2019,Famiglia,14,
Denmark,2020,Famiglia,9,
Denmark,2021,Famiglia,22,
Denmark,2022,Famiglia,23,
Denmark,2023,Famiglia,40,
Denmark,2024,Famiglia,56,
Denmark,2025,Famiglia,39,
Estonia,2008,Famiglia,1,
Estonia,2009,Famiglia,1,
Estonia,2010,Famiglia,1,
Estonia,2011,Famiglia,1,
Estonia,2012,Famiglia,2,
Estonia,2013,Famiglia,2,
Estonia,2014,Famiglia,4,
Estonia,2015,Famiglia,1,
Estonia,2016,Famiglia,2,
Estonia,2017,Famiglia,3,
Estonia,2018,Famiglia,0,
Estonia,2019,Famiglia,3,
Estonia,2020,Famiglia,1,
Estonia,2021,Famiglia,5,
Estonia,2022,Famiglia,1,
Estonia,2023,Famiglia,4,
Estonia,2024,Famiglia,2,
Estonia,2025,Famiglia,0,
Greece,2008,Famiglia,16440,
Greece,2009,Famiglia,16937,
Greece,2010,Famiglia,11864,
Greece,2011,Famiglia,8078,
Greece,2012,Famiglia,7942,
Greece,2013,Famiglia,7187,
Greece,2014,Famiglia,8263,
Greece,2015,Famiglia,13824,
Greece,2016,Famiglia,17570,
Greece,2017,Famiglia,8685,
Greece,2018,Famiglia,9446,
Greece,2019,Famiglia,7809,
Greece,2020,Famiglia,4070,
Greece,2021,Famiglia,6507,
Greece,2022,Famiglia,7523,
Greece,2023,Famiglia,5416,
Greece,2024,Famiglia,5148,
Greece,2025,Famiglia,4688,
Spain,2008,Famiglia,89,
Spain,2009,Famiglia,84,
Spain,2010,Famiglia,77,
Spain,2011,Famiglia,71,
Spain,2012,Famiglia,78,
Spain,2013,Famiglia,78,
Spain,2014,Famiglia,71,
Spain,2015,Famiglia,77,
Spain,2016,Famiglia,90,
Spain,2017,Famiglia,119,
Spain,2018,Famiglia,135,
Spain,2019,Famiglia,160,
Spain,2020,Famiglia,225,
Spain,2021,Famiglia,379,
Spain,2022,Famiglia,413,
Spain,2023,Famiglia,394,
Spain,2024,Famiglia,367,
Spain,2025,Famiglia,389,
Finland,2008,Famiglia,18,
Finland,2009,Famiglia,8,
Finland,2010,Famiglia,6,
Finland,2011,Famiglia,13,
Finland,2012,Famiglia,28,b
Finland,2013,Famiglia,41,
Finland,2014,Famiglia,42,
Finland,2015,Famiglia,44,
Finland,2016,Famiglia,59,
Finland,2017,Famiglia,48,
Finland,2018,Famiglia,66,
Finland,2019,Famiglia,87,
Finland,2020,Famiglia,98,
Finland,2021,Famiglia,140,
Finland,2022,Famiglia,169,
Finland,2023,Famiglia,274,
Finland,2024,Famiglia,153,
Finland,2025,Famiglia,113,
France,2008,Famiglia,146,
France,2009,Famiglia,163,
France,2010,Famiglia,143,
France,2011,Famiglia,149,
France,2012,Famiglia,159,
France,2013,Famiglia,176,
France,2014,Famiglia,202,
France,2015,Famiglia,312,
France,2016,Famiglia,433,
France,2017,Famiglia,523,
France,2018,Famiglia,599,
France,2019,Famiglia,798,
France,2020,Famiglia,696,
France,2021,Famiglia,827,
France,2022,Famiglia,989,
France,2023,Famiglia,992,
France,2024,Famiglia,900,
France,2025,Famiglia,651,
Croatia,2013,Famiglia,14,
Croatia,2014,Famiglia,6,
Croatia,2015,Famiglia,7,
Croatia,2016,Famiglia,6,
Croatia,2017,Famiglia,9,
Croatia,2018,Famiglia,4,
Croatia,2019,Famiglia,15,
Croatia,2020,Famiglia,11,
Croatia,2021,Famiglia,58,
Croatia,2022,Famiglia,65,
Croatia,2023,Famiglia,46,
Croatia,2024,Famiglia,63,
Croatia,2025,Famiglia,72,
Hungary,2008,Famiglia,25,
Hungary,2009,Famiglia,1,
Hungary,2010,Famiglia,9,
Hungary,2011,Famiglia,6,
Hungary,2012,Famiglia,11,
Hungary,2013,Famiglia,16,
Hungary,2014,Famiglia,15,
Hungary,2015,Famiglia,16,
Hungary,2016,Famiglia,18,
Hungary,2017,Famiglia,16,
Hungary,2018,Famiglia,15,
Hungary,2019,Famiglia,23,
Hungary,2020,Famiglia,22,
Hungary,2021,Famiglia,23,
Hungary,2022,Famiglia,21,
Hungary,2023,Famiglia,37,
Hungary,2024,Famiglia,34,
Hungary,2025,Famiglia,24,
Ireland,2008,Famiglia,24,
Ireland,2009,Famiglia,18,
Ireland,2010,Famiglia,15,
Ireland,2011,Famiglia,16,
Ireland,2012,Famiglia,10,
Ireland,2013,Famiglia,12,
Ireland,2014,Famiglia,11,
Ireland,2015,Famiglia,22,
Ireland,2016,Famiglia,17,
Ireland,2017,Famiglia,18,
Ireland,2018,Famiglia,13,
Ireland,2019,Famiglia,27,
Ireland,2020,Famiglia,12,
Ireland,2021,Famiglia,26,u
Ireland,2022,Famiglia,37,u
Ireland,2023,Famiglia,24,u
Ireland,2024,Famiglia,27,u
Ireland,2025,Famiglia,23,u
Iceland,2008,Famiglia,1,
Iceland,2009,Famiglia,3,
Iceland,2010,Famiglia,1,
Iceland,2011,Famiglia,1,
Iceland,2012,Famiglia,1,
Iceland,2013,Famiglia,3,
Iceland,2014,Famiglia,4,
Iceland,2015,Famiglia,8,
Iceland,2016,Famiglia,14,
Iceland,2017,Famiglia,21,
Iceland,2018,Famiglia,29,
Iceland,2019,Famiglia,21,
Iceland,2020,Famiglia,27,
Iceland,2021,Famiglia,23,
Iceland,2022,Famiglia,28,
Iceland,2023,Famiglia,32,
Iceland,2024,Famiglia,44,
Italy,2008,Famiglia,14047,
Italy,2009,Famiglia,15001,
Italy,2010,Famiglia,23941,
Italy,2011,Famiglia,15303,
Italy,2012,Famiglia,11843,
Italy,2013,Famiglia,9725,
Italy,2014,Famiglia,9281,
Italy,2015,Famiglia,11640,
Italy,2016,Famiglia,12009,
Italy,2017,Famiglia,13890,
Italy,2018,Famiglia,15723,
Italy,2019,Famiglia,13557,
Italy,2020,Famiglia,8448,
Italy,2021,Famiglia,20505,
Italy,2022,Famiglia,24023,
Italy,2023,Famiglia,24988,
Italy,2024,Famiglia,17762,
Italy,2025,Famiglia,24637,
Liechtenstein,2013,Famiglia,0,
Liechtenstein,2014,Famiglia,0,
Liechtenstein,2015,Famiglia,1,
Liechtenstein,2016,Famiglia,1,
Liechtenstein,2017,Famiglia,2,
Liechtenstein,2018,Famiglia,2,
Liechtenstein,2019,Famiglia,1,
Liechtenstein,2020,Famiglia,1,
Liechtenstein,2021,Famiglia,1,
Liechtenstein,2022,Famiglia,0,
Liechtenstein,2023,Famiglia,1,
Liechtenstein,2024,Famiglia,1,
Liechtenstein,2025,Famiglia,1,
Lithuania,2008,Famiglia,4,
Lithuania,2009,Famiglia,3,
Lithuania,2010,Famiglia,1,
Lithuania,2011,Famiglia,2,
Lithuania,2012,Famiglia,3,
Lithuania,2013,Famiglia,5,
Lithuania,2014,Famiglia,2,
Lithuania,2015,Famiglia,4,
Lithuania,2016,Famiglia,2,
Lithuania,2017,Famiglia,9,
Lithuania,2018,Famiglia,5,
Lithuania,2019,Famiglia,6,
Lithuania,2020,Famiglia,4,
Lithuania,2021,Famiglia,1,
Lithuania,2022,Famiglia,2,
Lithuania,2023,Famiglia,4,
Lithuania,2024,Famiglia,3,
Lithuania,2025,Famiglia,4,
Luxembourg,2008,Famiglia,0,
Luxembourg,2009,Famiglia,21,
Luxembourg,2010,Famiglia,24,
Luxembourg,2011,Famiglia,7,
Luxembourg,2012,Famiglia,19,
Luxembourg,2013,Famiglia,16,
Luxembourg,2014,Famiglia,23,
Luxembourg,2015,Famiglia,46,
Luxembourg,2016,Famiglia,46,
Luxembourg,2017,Famiglia,43,
Luxembourg,2018,Famiglia,58,
Luxembourg,2019,Famiglia,79,
Luxembourg,2020,Famiglia,92,
Luxembourg,2021,Famiglia,94,
Luxembourg,2022,Famiglia,107,
Luxembourg,2023,Famiglia,93,
Luxembourg,2024,Famiglia,97,
Luxembourg,2025,Famiglia,67,
Latvia,2008,Famiglia,1,
Latvia,2009,Famiglia,1,
Latvia,2010,Famiglia,1,
Latvia,2011,Famiglia,1,
Latvia,2012,Famiglia,2,
Latvia,2013,Famiglia,3,
Latvia,2014,Famiglia,0,
Latvia,2015,Famiglia,4,
Latvia,2016,Famiglia,0,
Latvia,2017,Famiglia,4,
Latvia,2018,Famiglia,1,
Latvia,2019,Famiglia,2,
Latvia,2020,Famiglia,2,
Latvia,2021,Famiglia,3,
Latvia,2022,Famiglia,3,
Latvia,2023,Famiglia,1,
Latvia,2024,Famiglia,2,
Latvia,2025,Famiglia,3,
Malta,2008,Famiglia,11,
Malta,2009,Famiglia,2,
Malta,2010,Famiglia,4,
Malta,2011,Famiglia,2,
Malta,2012,Famiglia,1,
Malta,2013,Famiglia,8,
Malta,2014,Famiglia,5,
Malta,2015,Famiglia,9,
Malta,2016,Famiglia,14,
Malta,2017,Famiglia,18,
Malta,2018,Famiglia,16,
Malta,2019,Famiglia,27,
Malta,2020,Famiglia,24,
Malta,2021,Famiglia,91,
Malta,2022,Famiglia,124,
Malta,2023,Famiglia,191,
Malta,2024,Famiglia,96,
Malta,2025,Famiglia,115,
Netherlands,2008,Famiglia,61,
Netherlands,2009,Famiglia,70,
Netherlands,2010,Famiglia,55,
Netherlands,2011,Famiglia,43,
Netherlands,2012,Famiglia,57,
Netherlands,2013,Famiglia,76,
Netherlands,2014,Famiglia,42,
Netherlands,2015,Famiglia,27,
Netherlands,2016,Famiglia,46,
Netherlands,2017,Famiglia,64,
Netherlands,2018,Famiglia,77,
Netherlands,2019,Famiglia,120,
Netherlands,2020,Famiglia,78,
Netherlands,2021,Famiglia,87,
Netherlands,2022,Famiglia,117,
Netherlands,2023,Famiglia,127,
Netherlands,2024,Famiglia,122,
Netherlands,2025,Famiglia,104,
Norway,2008,Famiglia,26,
Norway,2009,Famiglia,21,
Norway,2010,Famiglia,14,
Norway,2011,Famiglia,30,
Norway,2012,Famiglia,28,
Norway,2013,Famiglia,21,
Norway,2014,Famiglia,29,
Norway,2015,Famiglia,43,
Norway,2016,Famiglia,36,
Norway,2017,Famiglia,43,
Norway,2018,Famiglia,45,
Norway,2019,Famiglia,47,
Norway,2020,Famiglia,35,
Norway,2021,Famiglia,29,
Norway,2022,Famiglia,61,
Norway,2023,Famiglia,62,
Norway,2024,Famiglia,38,
Norway,2025,Famiglia,33,
Poland,2008,Famiglia,73,
Poland,2009,Famiglia,85,
Poland,2010,Famiglia,23,
Poland,2011,Famiglia,23,
Poland,2012,Famiglia,18,
Poland,2013,Famiglia,17,
Poland,2014,Famiglia,8,
Poland,2015,Famiglia,0,
Poland,2016,Famiglia,15,
Poland,2017,Famiglia,35,
Poland,2018,Famiglia,67,
Poland,2019,Famiglia,22,
Poland,2020,Famiglia,42,
Poland,2021,Famiglia,28,
Poland,2022,Famiglia,44,
Poland,2023,Famiglia,53,
Poland,2024,Famiglia,35,
Poland,2025,Famiglia,34,
Portugal,2008,Famiglia,6,
Portugal,2009,Famiglia,4,
Portugal,2010,Famiglia,4,
Portugal,2011,Famiglia,1,
Portugal,2012,Famiglia,1,
Portugal,2013,Famiglia,2,
Portugal,2014,Famiglia,1,
Portugal,2015,Famiglia,3,
Portugal,2016,Famiglia,5,
Portugal,2017,Famiglia,6,
Portugal,2018,Famiglia,7,
Portugal,2019,Famiglia,6,
Portugal,2020,Famiglia,8,
Portugal,2021,Famiglia,6,
Portugal,2022,Famiglia,6,
Portugal,2023,Famiglia,6,
Portugal,2024,Famiglia,4,
Portugal,2025,Famiglia,6,
Romania,2008,Famiglia,117,
Romania,2009,Famiglia,148,
Romania,2010,Famiglia,137,
Romania,2011,Famiglia,83,
Romania,2012,Famiglia,80,
Romania,2013,Famiglia,114,
Romania,2014,Famiglia,102,
Romania,2015,Famiglia,153,
Romania,2016,Famiglia,136,
Romania,2017,Famiglia,160,
Romania,2018,Famiglia,152,
Romania,2019,Famiglia,109,
Romania,2020,Famiglia,76,
Romania,2021,Famiglia,106,
Romania,2022,Famiglia,115,
Romania,2023,Famiglia,90,
Romania,2024,Famiglia,86,
Romania,2025,Famiglia,97,
Serbia,2024,Famiglia,10,
Serbia,2025,Famiglia,8,
Sweden,2008,Famiglia,87,
Sweden,2009,Famiglia,78,
Sweden,2010,Famiglia,86,
Sweden,2011,Famiglia,104,
Sweden,2012,Famiglia,126,
Sweden,2013,Famiglia,107,
Sweden,2014,Famiglia,178,
Sweden,2015,Famiglia,295,
Sweden,2016,Famiglia,452,
Sweden,2017,Famiglia,650,
Sweden,2018,Famiglia,879,
Sweden,2019,Famiglia,1082,
Sweden,2020,Famiglia,655,
Sweden,2021,Famiglia,622,
Sweden,2022,Famiglia,734,
Sweden,2023,Famiglia,671,
Sweden,2024,Famiglia,583,
Sweden,2025,Famiglia,591,
Slovenia,2008,Famiglia,5,
Slovenia,2009,Famiglia,2,
Slovenia,2010,Famiglia,2,
Slovenia,2011,Famiglia,4,
Slovenia,2012,Famiglia,14,
Slovenia,2013,Famiglia,4,
Slovenia,2014,Famiglia,8,
Slovenia,2015,Famiglia,8,
Slovenia,2016,Famiglia,14,
Slovenia,2017,Famiglia,6,
Slovenia,2018,Famiglia,16,
Slovenia,2019,Famiglia,9,
Slovenia,2020,Famiglia,19,
Slovenia,2021,Famiglia,18,
Slovenia,2022,Famiglia,30,
Slovenia,2023,Famiglia,18,
Slovenia,2024,Famiglia,21,
Slovenia,2025,Famiglia,31,
Slovakia,2008,Famiglia,10,
Slovakia,2009,Famiglia,19,
Slovakia,2010,Famiglia,4,
Slovakia,2011,Famiglia,5,
Slovakia,2012,Famiglia,5,
Slovakia,2013,Famiglia,9,
Slovakia,2014,Famiglia,1,
Slovakia,2015,Famiglia,13,
Slovakia,2016,Famiglia,39,
Slovakia,2017,Famiglia,17,
Slovakia,2018,Famiglia,23,
Slovakia,2019,Famiglia,34,
Slovakia,2020,Famiglia,36,
Slovakia,2021,Famiglia,84,
Slovakia,2022,Famiglia,100,
Slovakia,2023,Famiglia,76,
Slovakia,2024,Famiglia,53,
Slovakia,2025,Famiglia,33,
United Kingdom,2008,Famiglia,553,d
United Kingdom,2009,Famiglia,684,d
United Kingdom,2010,Famiglia,582,d
United Kingdom,2011,Famiglia,508,d
United Kingdom,2012,Famiglia,380,d
United Kingdom,2013,Famiglia,435,d
United Kingdom,2014,Famiglia,716,d
United Kingdom,2015,Famiglia,715,d
United Kingdom,2016,Famiglia,1001,d
United Kingdom,2017,Famiglia,2019,
United Kingdom,2018,Famiglia,2555,
Austria,2008,Altro,9,
Austria,2009,Altro,36,
Austria,2010,Altro,74,
Austria,2011,Altro,88,
Austria,2012,Altro,83,
Austria,2013,Altro,33,
Austria,2014,Altro,39,
Austria,2015,Altro,64,
Austria,2016,Altro,75,
Austria,2017,Altro,57,
Austria,2018,Altro,40,
Austria,2019,Altro,23,
Austria,2020,Altro,36,
Austria,2021,Altro,44,
Austria,2022,Altro,34,
Austria,2023,Altro,32,
Austria,2024,Altro,71,
Austria,2025,Altro,53,
Belgium,2008,Altro,186,
Belgium,2009,Altro,731,
Belgium,2010,Altro,423,
Belgium,2011,Altro,200,
Belgium,2012,Altro,235,
Belgium,2013,Altro,185,
Belgium,2014,Altro,178,
Belgium,2015,Altro,219,
Belgium,2016,Altro,234,
Belgium,2017,Altro,297,
Belgium,2018,Altro,306,
Belgium,2019,Altro,244,
Belgium,2020,Altro,321,
Belgium,2021,Altro,281,
Belgium,2022,Altro,360,
Belgium,2023,Altro,488,
Belgium,2024,Altro,425,
Belgium,2025,Altro,427,
Bulgaria,2008,Altro,0,
Bulgaria,2009,Altro,0,
Bulgaria,2010,Altro,0,
Bulgaria,2011,Altro,1,
Bulgaria,2012,Altro,1,
Bulgaria,2013,Altro,7,
Bulgaria,2014,Altro,5,
Bulgaria,2015,Altro,2,
Bulgaria,2016,Altro,9,
Bulgaria,2017,Altro,21,
Bulgaria,2018,Altro,25,
Bulgaria,2019,Altro,23,
Bulgaria,2020,Altro,20,
Bulgaria,2021,Altro,41,
Bulgaria,2022,Altro,39,
Bulgaria,2023,Altro,18,
Bulgaria,2024,Altro,7,
Bulgaria,2025,Altro,26,
Switzerland,2012,Altro,6,
Switzerland,2013,Altro,8,
Switzerland,2014,Altro,10,
Switzerland,2015,Altro,6,
Switzerland,2016,Altro,10,
Switzerland,2017,Altro,14,
Switzerland,2018,Altro,24,
Switzerland,2019,Altro,15,
Switzerland,2021,Altro,26,
Switzerland,2022,Altro,19,
Switzerland,2023,Altro,16,
Switzerland,2024,Altro,25,
Switzerland,2025,Altro,25,
Cyprus,2008,Altro,25,
Cyprus,2009,Altro,13,
Cyprus,2010,Altro,9,
Cyprus,2011,Altro,15,
Cyprus,2012,Altro,16,
Cyprus,2013,Altro,16,
Cyprus,2014,Altro,5,
Cyprus,2015,Altro,3,
Cyprus,2016,Altro,4,
Cyprus,2017,Altro,2,
Cyprus,2018,Altro,5,
Cyprus,2019,Altro,7,
Cyprus,2020,Altro,4,
Cyprus,2021,Altro,3,
Cyprus,2022,Altro,0,
Cyprus,2023,Altro,2,
Cyprus,2024,Altro,2,
Cyprus,2025,Altro,3,
Czechia,2008,Altro,5,
Czechia,2009,Altro,0,
Czechia,2010,Altro,9,
Czechia,2011,Altro,5,
Czechia,2012,Altro,17,
Czechia,2013,Altro,4,
Czechia,2014,Altro,5,
Czechia,2015,Altro,11,
Czechia,2016,Altro,15,
Czechia,2017,Altro,11,
Czechia,2018,Altro,4,
Czechia,2019,Altro,11,
Czechia,2020,Altro,2,
Czechia,2021,Altro,1,
Czechia,2022,Altro,4,
Czechia,2023,Altro,35,
Czechia,2024,Altro,7,
Czechia,2025,Altro,8,
Germany,2008,Altro,36,
Germany,2009,Altro,33,
Germany,2010,Altro,46,
Germany,2011,Altro,40,
Germany,2012,Altro,137,
Germany,2013,Altro,223,
Germany,2014,Altro,401,
Germany,2015,Altro,222,
Germany,2016,Altro,1071,
Germany,2017,Altro,1421,
Germany,2018,Altro,2218,
Germany,2019,Altro,1574,
Germany,2020,Altro,1519,
Germany,2021,Altro,2017,
Germany,2022,Altro,1981,
Germany,2023,Altro,1952,
Germany,2024,Altro,1600,
Germany,2025,Altro,1318,
Denmark,2008,Altro,1,
Denmark,2009,Altro,8,
Denmark,2010,Altro,1,
Denmark,2011,Altro,0,
Denmark,2012,Altro,0,
Denmark,2013,Altro,0,
Denmark,2014,Altro,0,
Denmark,2015,Altro,1,
Denmark,2016,Altro,0,
Denmark,2017,Altro,1,
Denmark,2018,Altro,0,
Denmark,2019,Altro,5,
Denmark,2020,Altro,3,
Denmark,2021,Altro,6,
Denmark,2022,Altro,16,
Denmark,2023,Altro,15,
Denmark,2024,Altro,6,
Denmark,2025,Altro,2,
Estonia,2008,Altro,0,
Estonia,2009,Altro,0,
Estonia,2010,Altro,0,
Estonia,2011,Altro,0,
Estonia,2012,Altro,0,
Estonia,2013,Altro,0,
Estonia,2014,Altro,0,
Estonia,2015,Altro,0,
Estonia,2016,Altro,5,
Estonia,2017,Altro,0,
Estonia,2018,Altro,1,
Estonia,2019,Altro,0,
Estonia,2020,Altro,0,
Estonia,2021,Altro,0,
Estonia,2022,Altro,0,
Estonia,2023,Altro,0,
Estonia,2024,Altro,0,
Estonia,2025,Altro,0,
Greece,2008,Altro,642,
Greece,2009,Altro,2981,
Greece,2010,Altro,3907,
Greece,2011,Altro,814,
Greece,2012,Altro,1402,
Greece,2013,Altro,2837,
Greece,2014,Altro,4219,
Greece,2015,Altro,11965,
Greece,2016,Altro,11939,
Greece,2017,Altro,6576,
Greece,2018,Altro,5799,
Greece,2019,Altro,5950,
Greece,2020,Altro,2842,
Greece,2021,Altro,2803,b
Greece,2022,Altro,3669,
Greece,2023,Altro,4323,
Greece,2024,Altro,4133,
Greece,2025,Altro,3427,
Spain,2008,Altro,34,
Spain,2009,Altro,14,
Spain,2010,Altro,12,
Spain,2011,Altro,8,
Spain,2012,Altro,8,
Spain,2013,Altro,13,
Spain,2014,Altro,12,
Spain,2015,Altro,31,
Spain,2016,Altro,29,
Spain,2017,Altro,48,
Spain,2018,Altro,46,
Spain,2019,Altro,46,
Spain,2020,Altro,65,
Spain,2021,Altro,99,
Spain,2022,Altro,98,
Spain,2023,Altro,81,
Spain,2024,Altro,55,
Spain,2025,Altro,86,
Finland,2008,Altro,2,
Finland,2009,Altro,1,
Finland,2010,Altro,1,
Finland,2011,Altro,1,
Finland,2012,Altro,11,b
Finland,2013,Altro,10,
Finland,2014,Altro,5,
Finland,2015,Altro,1,
Finland,2016,Altro,7,
Finland,2017,Altro,5,
Finland,2018,Altro,1,
Finland,2019,Altro,4,
Finland,2020,Altro,6,
Finland,2021,Altro,0,
Finland,2022,Altro,2,
Finland,2023,Altro,3,
Finland,2024,Altro,1,
Finland,2025,Altro,3,
France,2008,Altro,141,
France,2009,Altro,116,
France,2010,Altro,120,
France,2011,Altro,205,
France,2012,Altro,200,
France,2013,Altro,270,
France,2014,Altro,505,
France,2015,Altro,747,
France,2016,Altro,889,
France,2017,Altro,1013,
France,2018,Altro,1184,
France,2019,Altro,1225,
France,2020,Altro,845,
France,2021,Altro,968,
France,2022,Altro,878,
France,2023,Altro,953,
France,2024,Altro,1173,
France,2025,Altro,1168,
Croatia,2013,Altro,2,
Croatia,2014,Altro,7,
Croatia,2015,Altro,1,
Croatia,2016,Altro,7,
Croatia,2017,Altro,1,
Croatia,2018,Altro,3,
Croatia,2019,Altro,4,
Croatia,2020,Altro,7,
Croatia,2021,Altro,0,
Croatia,2022,Altro,5,
Croatia,2023,Altro,2,
Croatia,2024,Altro,1,
Croatia,2025,Altro,2,
Hungary,2008,Altro,7,
Hungary,2009,Altro,7,
Hungary,2010,Altro,6,
Hungary,2011,Altro,6,
Hungary,2012,Altro,9,
Hungary,2013,Altro,15,
Hungary,2014,Altro,7,
Hungary,2015,Altro,16,
Hungary,2016,Altro,15,
Hungary,2017,Altro,10,
Hungary,2018,Altro,19,
Hungary,2019,Altro,35,
Hungary,2020,Altro,20,
Hungary,2021,Altro,10,
Hungary,2022,Altro,13,
Hungary,2023,Altro,4,
Hungary,2024,Altro,7,
Hungary,2025,Altro,19,
Ireland,2008,Altro,33,
Ireland,2009,Altro,28,
Ireland,2010,Altro,28,
Ireland,2011,Altro,19,
Ireland,2012,Altro,24,
Ireland,2013,Altro,43,
Ireland,2014,Altro,22,
Ireland,2015,Altro,64,
Ireland,2016,Altro,47,
Ireland,2017,Altro,36,
Ireland,2018,Altro,79,
Ireland,2019,Altro,93,
Ireland,2020,Altro,80,
Ireland,2021,Altro,109,u
Ireland,2022,Altro,361,u
Ireland,2023,Altro,122,u
Ireland,2024,Altro,82,u
Ireland,2025,Altro,57,u
Iceland,2008,Altro,0,
Iceland,2009,Altro,0,
Iceland,2010,Altro,0,
Iceland,2011,Altro,0,
Iceland,2012,Altro,0,
Iceland,2013,Altro,0,
Iceland,2014,Altro,2,
Iceland,2015,Altro,0,
Iceland,2016,Altro,6,
Iceland,2017,Altro,8,
Iceland,2018,Altro,9,
Iceland,2019,Altro,3,
Iceland,2020,Altro,0,
Iceland,2021,Altro,4,
Iceland,2022,Altro,0,
Iceland,2023,Altro,0,
Iceland,2024,Altro,0,
Italy,2008,Altro,23370,
Italy,2009,Altro,17209,
Italy,2010,Altro,1291,
Italy,2011,Altro,2089,
Italy,2012,Altro,2526,
Italy,2013,Altro,2442,
Italy,2014,Altro,2711,
Italy,2015,Altro,3284,
Italy,2016,Altro,3619,
Italy,2017,Altro,4268,
Italy,2018,Altro,5223,
Italy,2019,Altro,7374,
Italy,2020,Altro,4091,
Italy,2021,Altro,2793,
Italy,2022,Altro,4290,b
Italy,2023,Altro,5116,
Italy,2024,Altro,3301,
Italy,2025,Altro,3337,
Liechtenstein,2013,Altro,0,
Liechtenstein,2014,Altro,0,
Liechtenstein,2015,Altro,2,
Liechtenstein,2016,Altro,0,
Liechtenstein,2017,Altro,1,
Liechtenstein,2018,Altro,0,
Liechtenstein,2019,Altro,0,
Liechtenstein,2020,Altro,0,
Liechtenstein,2021,Altro,0,
Liechtenstein,2022,Altro,0,
Liechtenstein,2023,Altro,0,
Liechtenstein,2024,Altro,0,
Liechtenstein,2025,Altro,0,
Lithuania,2008,Altro,0,
Lithuania,2009,Altro,0,
Lithuania,2010,Altro,0,
Lithuania,2011,Altro,0,
Lithuania,2012,Altro,0,
Lithuania,2013,Altro,0,
Lithuania,2014,Altro,0,
Lithuania,2015,Altro,0,
Lithuania,2016,Altro,0,
Lithuania,2017,Altro,0,
Lithuania,2018,Altro,0,
Lithuania,2019,Altro,1,
Lithuania,2020,Altro,0,
Lithuania,2021,Altro,0,
Lithuania,2022,Altro,4,
Lithuania,2023,Altro,0,
Lithuania,2024,Altro,0,
Lithuania,2025,Altro,0,
Luxembourg,2009,Altro,19,
Luxembourg,2010,Altro,0,
Luxembourg,2011,Altro,4,
Luxembourg,2012,Altro,10,
Luxembourg,2013,Altro,20,
Luxembourg,2014,Altro,11,
Luxembourg,2015,Altro,21,
Luxembourg,2016,Altro,11,
Luxembourg,2017,Altro,23,
Luxembourg,2018,Altro,36,
Luxembourg,2019,Altro,19,
Luxembourg,2020,Altro,12,
Luxembourg,2021,Altro,5,
Luxembourg,2022,Altro,4,
Luxembourg,2023,Altro,8,
Luxembourg,2024,Altro,9,
Luxembourg,2025,Altro,4,
Latvia,2008,Altro,0,
Latvia,2009,Altro,0,
Latvia,2010,Altro,0,
Latvia,2011,Altro,1,
Latvia,2012,Altro,0,
Latvia,2013,Altro,0,
Latvia,2014,Altro,0,
Latvia,2015,Altro,2,
Latvia,2016,Altro,0,
Latvia,2017,Altro,0,
Latvia,2018,Altro,0,
Latvia,2019,Altro,1,
Latvia,2020,Altro,0,
Latvia,2021,Altro,0,
Latvia,2022,Altro,1,
Latvia,2023,Altro,0,
Latvia,2024,Altro,0,
Latvia,2025,Altro,0,
Malta,2008,Altro,10,
Malta,2009,Altro,5,
Malta,2010,Altro,2,
Malta,2011,Altro,2,
Malta,2012,Altro,6,
Malta,2013,Altro,6,
Malta,2014,Altro,4,
Malta,2015,Altro,5,
Malta,2016,Altro,0,
Malta,2017,Altro,1,
Malta,2018,Altro,4,
Malta,2019,Altro,0,
Malta,2020,Altro,1,
Malta,2021,Altro,0,
Malta,2022,Altro,4,
Malta,2023,Altro,6,
Malta,2024,Altro,2,
Malta,2025,Altro,2,
Netherlands,2008,Altro,31,
Netherlands,2009,Altro,8,
Netherlands,2010,Altro,6,
Netherlands,2011,Altro,2,
Netherlands,2012,Altro,1,
Netherlands,2013,Altro,17,
Netherlands,2014,Altro,39,
Netherlands,2015,Altro,70,
Netherlands,2016,Altro,67,
Netherlands,2017,Altro,61,
Netherlands,2018,Altro,76,
Netherlands,2019,Altro,94,
Netherlands,2020,Altro,56,
Netherlands,2021,Altro,79,
Netherlands,2022,Altro,110,
Netherlands,2023,Altro,75,
Netherlands,2024,Altro,108,
Netherlands,2025,Altro,82,
Norway,2008,Altro,2,
Norway,2009,Altro,0,
Norway,2010,Altro,3,
Norway,2011,Altro,0,
Norway,2012,Altro,0,
Norway,2013,Altro,1,
Norway,2014,Altro,1,
Norway,2015,Altro,5,
Norway,2016,Altro,5,
Norway,2017,Altro,3,
Norway,2018,Altro,1,
Norway,2019,Altro,1,
Norway,2020,Altro,5,
Norway,2021,Altro,4,
Norway,2022,Altro,0,
Norway,2023,Altro,0,
Norway,2024,Altro,2,
Norway,2025,Altro,8,
Poland,2008,Altro,4,
Poland,2009,Altro,3,
Poland,2010,Altro,3,
Poland,2011,Altro,6,
Poland,2012,Altro,8,
Poland,2013,Altro,9,
Poland,2014,Altro,6,
Poland,2015,Altro,7,
Poland,2016,Altro,6,
Poland,2017,Altro,17,
Poland,2018,Altro,14,
Poland,2019,Altro,21,
Poland,2020,Altro,74,
Poland,2021,Altro,87,
Poland,2022,Altro,82,
Poland,2023,Altro,75,
Poland,2024,Altro,74,
Poland,2025,Altro,74,
Portugal,2008,Altro,2,
Portugal,2009,Altro,0,
Portugal,2010,Altro,0,
Portugal,2011,Altro,3,
Portugal,2012,Altro,1,
Portugal,2013,Altro,0,
Portugal,2014,Altro,3,
Portugal,2015,Altro,7,
Portugal,2016,Altro,0,
Portugal,2017,Altro,1,
Portugal,2018,Altro,0,
Portugal,2019,Altro,1,
Portugal,2020,Altro,8,
Portugal,2021,Altro,0,
Portugal,2022,Altro,0,
Portugal,2023,Altro,2,
Portugal,2024,Altro,1,
Portugal,2025,Altro,1,
Romania,2008,Altro,2,
Romania,2009,Altro,0,
Romania,2010,Altro,0,
Romania,2011,Altro,1,
Romania,2012,Altro,1,
Romania,2013,Altro,1,
Romania,2014,Altro,1,
Romania,2015,Altro,3,
Romania,2016,Altro,1,
Romania,2017,Altro,3,
Romania,2018,Altro,1,
Romania,2019,Altro,5,
Romania,2020,Altro,0,
Romania,2021,Altro,2,
Romania,2022,Altro,1,
Romania,2023,Altro,0,
Romania,2024,Altro,0,
Romania,2025,Altro,0,
Serbia,2024,Altro,1,
Serbia,2025,Altro,0,
Sweden,2008,Altro,26,
Sweden,2009,Altro,33,
Sweden,2010,Altro,22,
Sweden,2011,Altro,28,
Sweden,2012,Altro,78,
Sweden,2013,Altro,67,
Sweden,2014,Altro,65,
Sweden,2015,Altro,76,
Sweden,2016,Altro,93,
Sweden,2017,Altro,41,
Sweden,2018,Altro,37,
Sweden,2019,Altro,32,
Sweden,2020,Altro,54,
Sweden,2021,Altro,28,
Sweden,2022,Altro,25,
Sweden,2023,Altro,39,
Sweden,2024,Altro,18,
Sweden,2025,Altro,22,
Slovenia,2008,Altro,2,
Slovenia,2009,Altro,1,
Slovenia,2010,Altro,0,
Slovenia,2011,Altro,0,
Slovenia,2012,Altro,0,
Slovenia,2013,Altro,1,
Slovenia,2014,Altro,0,
Slovenia,2015,Altro,0,
Slovenia,2016,Altro,0,
Slovenia,2017,Altro,1,
Slovenia,2018,Altro,0,
Slovenia,2019,Altro,0,
Slovenia,2020,Altro,1,
Slovenia,2021,Altro,0,
Slovenia,2022,Altro,0,
Slovenia,2023,Altro,0,
Slovenia,2024,Altro,0,
Slovenia,2025,Altro,0,
Slovakia,2008,Altro,0,
Slovakia,2009,Altro,5,
Slovakia,2010,Altro,0,
Slovakia,2011,Altro,0,
Slovakia,2012,Altro,0,
Slovakia,2013,Altro,0,
Slovakia,2014,Altro,1,
Slovakia,2015,Altro,0,
Slovakia,2016,Altro,1,
Slovakia,2017,Altro,1,
Slovakia,2018,Altro,0,
Slovakia,2019,Altro,0,
Slovakia,2020,Altro,0,
Slovakia,2021,Altro,1,
Slovakia,2022,Altro,0,
Slovakia,2023,Altro,0,
Slovakia,2024,Altro,0,
Slovakia,2025,Altro,0,
United Kingdom,2008,Altro,540,
United Kingdom,2009,Altro,476,
United Kingdom,2010,Altro,398,
United Kingdom,2011,Altro,348,
United Kingdom,2012,Altro,392,
United Kingdom,2013,Altro,540,
United Kingdom,2014,Altro,580,
United Kingdom,2015,Altro,852,
United Kingdom,2016,Altro,991,
United Kingdom,2017,Altro,1056,
United Kingdom,2018,Altro,491,
Austria,2008,Totale,84,
Austria,2009,Totale,116,
Austria,2010,Totale,169,
Austria,2011,Totale,200,
Austria,2012,Totale,234,
Austria,2013,Totale,189,
Austria,2014,Totale,219,
Austria,2015,Totale,318,
Austria,2016,Totale,342,
Austria,2017,Totale,334,
Austria,2018,Totale,331,
Austria,2019,Totale,384,
Austria,2020,Totale,300,
Austria,2021,Totale,402,
Austria,2022,Totale,544,
Austria,2023,Totale,472,
Austria,2024,Totale,480,
Austria,2025,Totale,445,
Belgium,2008,Totale,407,
Belgium,2009,Totale,1067,
Belgium,2010,Totale,764,
Belgium,2011,Totale,546,
Belgium,2012,Totale,486,
Belgium,2013,Totale,493,
Belgium,2014,Totale,542,
Belgium,2015,Totale,602,
Belgium,2016,Totale,653,
Belgium,2017,Totale,764,
Belgium,2018,Totale,787,
Belgium,2019,Totale,774,
Belgium,2020,Totale,766,
Belgium,2021,Totale,844,
Belgium,2022,Totale,1023,
Belgium,2023,Totale,1241,
Belgium,2024,Totale,1403,
Belgium,2025,Totale,1236,
Bulgaria,2008,Totale,62,
Bulgaria,2009,Totale,50,
Bulgaria,2010,Totale,64,
Bulgaria,2011,Totale,43,
Bulgaria,2012,Totale,92,
Bulgaria,2013,Totale,69,
Bulgaria,2014,Totale,67,
Bulgaria,2015,Totale,65,
Bulgaria,2016,Totale,109,
Bulgaria,2017,Totale,90,
Bulgaria,2018,Totale,148,
Bulgaria,2019,Totale,167,
Bulgaria,2020,Totale,97,
Bulgaria,2021,Totale,157,
Bulgaria,2022,Totale,151,
Bulgaria,2023,Totale,104,
Bulgaria,2024,Totale,72,
Bulgaria,2025,Totale,88,
Switzerland,2012,Totale,121,
Switzerland,2013,Totale,160,
Switzerland,2014,Totale,142,
Switzerland,2015,Totale,242,
Switzerland,2016,Totale,281,
Switzerland,2017,Totale,319,
Switzerland,2018,Totale,319,
Switzerland,2021,Totale,389,
Switzerland,2022,Totale,445,
Switzerland,2023,Totale,493,
Switzerland,2024,Totale,507,
Switzerland,2025,Totale,405,
Cyprus,2008,Totale,75,
Cyprus,2009,Totale,35,
Cyprus,2010,Totale,48,
Cyprus,2011,Totale,64,
Cyprus,2012,Totale,46,
Cyprus,2013,Totale,39,
Cyprus,2014,Totale,26,
Cyprus,2015,Totale,33,
Cyprus,2016,Totale,28,
Cyprus,2017,Totale,44,
Cyprus,2018,Totale,69,
Cyprus,2019,Totale,60,
Cyprus,2020,Totale,33,
Cyprus,2021,Totale,33,
Cyprus,2022,Totale,65,
Cyprus,2023,Totale,43,
Cyprus,2024,Totale,44,
Cyprus,2025,Totale,54,
Czechia,2008,Totale,44,
Czechia,2009,Totale,44,
Czechia,2010,Totale,47,
Czechia,2011,Totale,60,
Czechia,2012,Totale,48,
Czechia,2013,Totale,43,
Czechia,2014,Totale,44,
Czechia,2015,Totale,108,
Czechia,2016,Totale,144,
Czechia,2017,Totale,119,
Czechia,2018,Totale,164,
Czechia,2019,Totale,254,
Czechia,2020,Totale,105,
Czechia,2021,Totale,109,
Czechia,2022,Totale,148,
Czechia,2023,Totale,160,
Czechia,2024,Totale,104,
Czechia,2025,Totale,107,
Germany,2008,Totale,461,
Germany,2009,Totale,443,
Germany,2010,Totale,366,
Germany,2011,Totale,349,
Germany,2012,Totale,836,
Germany,2013,Totale,1267,
Germany,2014,Totale,1723,
Germany,2015,Totale,2110,
Germany,2016,Totale,4045,
Germany,2017,Totale,6110,
Germany,2018,Totale,10487,
Germany,2019,Totale,11107,
Germany,2020,Totale,9652,
Germany,2021,Totale,11826,
Germany,2022,Totale,15939,
Germany,2023,Totale,16763,
Germany,2024,Totale,13616,
Germany,2025,Totale,17195,
Denmark,2008,Totale,71,
Denmark,2009,Totale,36,
Denmark,2010,Totale,38,
Denmark,2011,Totale,21,
Denmark,2012,Totale,27,
Denmark,2013,Totale,41,
Denmark,2014,Totale,35,
Denmark,2015,Totale,38,
Denmark,2016,Totale,49,
Denmark,2017,Totale,62,
Denmark,2018,Totale,67,
Denmark,2019,Totale,47,
Denmark,2020,Totale,42,
Denmark,2021,Totale,65,
Denmark,2022,Totale,236,
Denmark,2023,Totale,295,
Denmark,2024,Totale,227,
Denmark,2025,Totale,433,
Estonia,2008,Totale,1,
Estonia,2009,Totale,1,
Estonia,2010,Totale,4,
Estonia,2011,Totale,2,
Estonia,2012,Totale,6,
Estonia,2013,Totale,4,
Estonia,2014,Totale,9,
Estonia,2015,Totale,6,
Estonia,2016,Totale,15,
Estonia,2017,Totale,5,
Estonia,2018,Totale,4,
Estonia,2019,Totale,11,
Estonia,2020,Totale,9,
Estonia,2021,Totale,10,
Estonia,2022,Totale,6,
Estonia,2023,Totale,6,
Estonia,2024,Totale,4,
Estonia,2025,Totale,4,
Greece,2008,Totale,30248,
Greece,2009,Totale,33925,
Greece,2010,Totale,23546,
Greece,2011,Totale,12812,
Greece,2012,Totale,9544,
Greece,2013,Totale,10250,
Greece,2014,Totale,13100,
Greece,2015,Totale,26342,
Greece,2016,Totale,30958,
Greece,2017,Totale,16468,
Greece,2018,Totale,16936,
Greece,2019,Totale,15733,
Greece,2020,Totale,7768,
Greece,2021,Totale,10231,b
Greece,2022,Totale,14356,
Greece,2023,Totale,12628,
Greece,2024,Totale,16525,
Greece,2025,Totale,10177,
Spain,2008,Totale,165,
Spain,2009,Totale,141,
Spain,2010,Totale,121,
Spain,2011,Totale,131,
Spain,2012,Totale,133,
Spain,2013,Totale,138,
Spain,2014,Totale,134,
Spain,2015,Totale,172,
Spain,2016,Totale,217,
Spain,2017,Totale,258,
Spain,2018,Totale,285,
Spain,2019,Totale,312,
Spain,2020,Totale,422,
Spain,2021,Totale,622,
Spain,2022,Totale,718,
Spain,2023,Totale,685,b
Spain,2024,Totale,678,
Spain,2025,Totale,837,
Finland,2008,Totale,70,
Finland,2009,Totale,17,
Finland,2010,Totale,17,
Finland,2011,Totale,31,
Finland,2012,Totale,72,b
Finland,2013,Totale,82,
Finland,2014,Totale,78,
Finland,2015,Totale,74,
Finland,2016,Totale,111,
Finland,2017,Totale,107,
Finland,2018,Totale,134,
Finland,2019,Totale,177,
Finland,2020,Totale,204,
Finland,2021,Totale,247,
Finland,2022,Totale,418,
Finland,2023,Totale,504,
Finland,2024,Totale,277,
Finland,2025,Totale,161,
France,2008,Totale,404,
France,2009,Totale,397,
France,2010,Totale,404,
France,2011,Totale,487,
France,2012,Totale,504,
France,2013,Totale,646,
France,2014,Totale,917,
France,2015,Totale,1277,
France,2016,Totale,1612,
France,2017,Totale,1918,
France,2018,Totale,2182,
France,2019,Totale,2469,
France,2020,Totale,1951,
France,2021,Totale,2331,
France,2022,Totale,2483,
France,2023,Totale,2742,
France,2024,Totale,2798,
France,2025,Totale,2412,
Croatia,2013,Totale,18,
Croatia,2014,Totale,18,
Croatia,2015,Totale,16,
Croatia,2016,Totale,21,
Croatia,2017,Totale,306,
Croatia,2018,Totale,1088,
Croatia,2019,Totale,2216,
Croatia,2020,Totale,1695,
Croatia,2021,Totale,1819,
Croatia,2022,Totale,2003,
Croatia,2023,Totale,1800,
Croatia,2024,Totale,1506,
Croatia,2025,Totale,858,
Hungary,2008,Totale,74,
Hungary,2009,Totale,16,
Hungary,2010,Totale,32,
Hungary,2011,Totale,30,
Hungary,2012,Totale,39,
Hungary,2013,Totale,83,
Hungary,2014,Totale,81,
Hungary,2015,Totale,114,
Hungary,2016,Totale,128,
Hungary,2017,Totale,151,
Hungary,2018,Totale,250,
Hungary,2019,Totale,335,
Hungary,2020,Totale,246,
Hungary,2021,Totale,275,
Hungary,2022,Totale,346,
Hungary,2023,Totale,303,
Hungary,2024,Totale,377,
Hungary,2025,Totale,189,
Ireland,2008,Totale,64,
Ireland,2009,Totale,56,
Ireland,2010,Totale,56,
Ireland,2011,Totale,48,
Ireland,2012,Totale,46,
Ireland,2013,Totale,69,
Ireland,2014,Totale,44,
Ireland,2015,Totale,99,
Ireland,2016,Totale,76,u
Ireland,2017,Totale,70,u
Ireland,2018,Totale,110,u
Ireland,2019,Totale,142,u
Ireland,2020,Totale,104,
Ireland,2021,Totale,151,u
Ireland,2022,Totale,468,u
Ireland,2023,Totale,193,u
Ireland,2024,Totale,133,u
Ireland,2025,Totale,117,u
Iceland,2008,Totale,1,
Iceland,2009,Totale,4,
Iceland,2010,Totale,1,
Iceland,2011,Totale,2,
Iceland,2012,Totale,1,
Iceland,2013,Totale,4,
Iceland,2014,Totale,6,
Iceland,2015,Totale,8,
Iceland,2016,Totale,30,
Iceland,2017,Totale,36,
Iceland,2018,Totale,43,
Iceland,2019,Totale,34,
Iceland,2020,Totale,31,
Iceland,2021,Totale,31,
Iceland,2022,Totale,40,
Iceland,2023,Totale,57,
Iceland,2024,Totale,52,
Italy,2008,Totale,64297,
Italy,2009,Totale,46674,
Italy,2010,Totale,47602,
Italy,2011,Totale,24316,
Italy,2012,Totale,18398,
Italy,2013,Totale,15890,
Italy,2014,Totale,14591,
Italy,2015,Totale,16477,
Italy,2016,Totale,17167,
Italy,2017,Totale,19693,
Italy,2018,Totale,23147,
Italy,2019,Totale,22931,
Italy,2020,Totale,13627,
Italy,2021,Totale,29732,
Italy,2022,Totale,34864,b
Italy,2023,Totale,34113,
Italy,2024,Totale,24734,
Italy,2025,Totale,31764,
Liechtenstein,2013,Totale,0,
Liechtenstein,2014,Totale,0,
Liechtenstein,2015,Totale,3,
Liechtenstein,2016,Totale,1,
Liechtenstein,2017,Totale,6,
Liechtenstein,2018,Totale,4,
Liechtenstein,2019,Totale,1,
Liechtenstein,2020,Totale,1,
Liechtenstein,2021,Totale,1,
Liechtenstein,2022,Totale,1,
Liechtenstein,2023,Totale,2,
Liechtenstein,2024,Totale,1,
Liechtenstein,2025,Totale,1,
Lithuania,2008,Totale,6,
Lithuania,2009,Totale,5,
Lithuania,2010,Totale,2,
Lithuania,2011,Totale,2,
Lithuania,2012,Totale,5,
Lithuania,2013,Totale,10,
Lithuania,2014,Totale,10,
Lithuania,2015,Totale,13,
Lithuania,2016,Totale,6,
Lithuania,2017,Totale,18,
Lithuania,2018,Totale,16,
Lithuania,2019,Totale,26,
Lithuania,2020,Totale,12,
Lithuania,2021,Totale,15,
Lithuania,2022,Totale,36,
Lithuania,2023,Totale,58,
Lithuania,2024,Totale,38,
Lithuania,2025,Totale,10,
Luxembourg,2009,Totale,47,
Luxembourg,2010,Totale,25,
Luxembourg,2011,Totale,15,
Luxembourg,2012,Totale,30,
Luxembourg,2013,Totale,48,
Luxembourg,2014,Totale,44,
Luxembourg,2015,Totale,79,
Luxembourg,2016,Totale,82,
Luxembourg,2017,Totale,89,
Luxembourg,2018,Totale,139,
Luxembourg,2019,Totale,157,
Luxembourg,2020,Totale,138,
Luxembourg,2021,Totale,140,
Luxembourg,2022,Totale,177,
Luxembourg,2023,Totale,166,
Luxembourg,2024,Totale,155,
Luxembourg,2025,Totale,90,
Latvia,2008,Totale,1,
Latvia,2009,Totale,2,
Latvia,2010,Totale,2,
Latvia,2011,Totale,4,
Latvia,2012,Totale,3,
Latvia,2013,Totale,4,
Latvia,2014,Totale,1,
Latvia,2015,Totale,8,
Latvia,2016,Totale,1,
Latvia,2017,Totale,7,
Latvia,2018,Totale,2,
Latvia,2019,Totale,4,
Latvia,2020,Totale,7,
Latvia,2021,Totale,8,
Latvia,2022,Totale,5,
Latvia,2023,Totale,5,
Latvia,2024,Totale,4,
Latvia,2025,Totale,23,
Malta,2008,Totale,31,
Malta,2009,Totale,8,
Malta,2010,Totale,6,
Malta,2011,Totale,15,
Malta,2012,Totale,28,
Malta,2013,Totale,31,
Malta,2014,Totale,24,
Malta,2015,Totale,39,
Malta,2016,Totale,38,
Malta,2017,Totale,180,
Malta,2018,Totale,488,
Malta,2019,Totale,1178,
Malta,2020,Totale,415,
Malta,2021,Totale,1142,
Malta,2022,Totale,2009,
Malta,2023,Totale,1169,
Malta,2024,Totale,582,
Malta,2025,Totale,513,
Netherlands,2008,Totale,128,
Netherlands,2009,Totale,126,
Netherlands,2010,Totale,104,
Netherlands,2011,Totale,88,
Netherlands,2012,Totale,121,
Netherlands,2013,Totale,157,
Netherlands,2014,Totale,177,
Netherlands,2015,Totale,186,
Netherlands,2016,Totale,239,
Netherlands,2017,Totale,255,
Netherlands,2018,Totale,270,
Netherlands,2019,Totale,357,
Netherlands,2020,Totale,244,
Netherlands,2021,Totale,299,
Netherlands,2022,Totale,444,
Netherlands,2023,Totale,340,
Netherlands,2024,Totale,366,
Netherlands,2025,Totale,278,
Norway,2008,Totale,65,
Norway,2009,Totale,47,
Norway,2010,Totale,57,
Norway,2011,Totale,70,
Norway,2012,Totale,76,
Norway,2013,Totale,60,
Norway,2014,Totale,77,
Norway,2015,Totale,118,
Norway,2016,Totale,116,
Norway,2017,Totale,124,
Norway,2018,Totale,129,
Norway,2019,Totale,143,
Norway,2020,Totale,101,
Norway,2021,Totale,127,
Norway,2022,Totale,189,
Norway,2023,Totale,148,
Norway,2024,Totale,98,
Norway,2025,Totale,95,
Poland,2008,Totale,162,
Poland,2009,Totale,163,
Poland,2010,Totale,91,
Poland,2011,Totale,45,
Poland,2012,Totale,54,
Poland,2013,Totale,87,
Poland,2014,Totale,68,
Poland,2015,Totale,63,
Poland,2016,Totale,79,
Poland,2017,Totale,168,
Poland,2018,Totale,267,
Poland,2019,Totale,168,
Poland,2020,Totale,236,
Poland,2021,Totale,348,
Poland,2022,Totale,626,
Poland,2023,Totale,887,
Poland,2024,Totale,535,
Poland,2025,Totale,310,
Portugal,2008,Totale,10,
Portugal,2009,Totale,5,
Portugal,2010,Totale,6,
Portugal,2011,Totale,6,
Portugal,2012,Totale,3,
Portugal,2013,Totale,4,
Portugal,2014,Totale,9,
Portugal,2015,Totale,12,
Portugal,2016,Totale,12,
Portugal,2017,Totale,10,
Portugal,2018,Totale,15,
Portugal,2019,Totale,13,
Portugal,2020,Totale,24,
Portugal,2021,Totale,6,
Portugal,2022,Totale,22,
Portugal,2023,Totale,30,
Portugal,2024,Totale,14,
Portugal,2025,Totale,31,b
Romania,2008,Totale,168,
Romania,2009,Totale,196,
Romania,2010,Totale,171,
Romania,2011,Totale,154,
Romania,2012,Totale,147,
Romania,2013,Totale,190,
Romania,2014,Totale,181,
Romania,2015,Totale,248,
Romania,2016,Totale,214,
Romania,2017,Totale,214,
Romania,2018,Totale,250,
Romania,2019,Totale,275,
Romania,2020,Totale,266,
Romania,2021,Totale,261,
Romania,2022,Totale,249,
Romania,2023,Totale,198,
Romania,2024,Totale,167,
Romania,2025,Totale,162,
Serbia,2024,Totale,20,
Serbia,2025,Totale,38,
Sweden,2008,Totale,191,
Sweden,2009,Totale,178,
Sweden,2010,Totale,161,
Sweden,2011,Totale,177,
Sweden,2012,Totale,247,
Sweden,2013,Totale,216,
Sweden,2014,Totale,300,
Sweden,2015,Totale,530,
Sweden,2016,Totale,791,
Sweden,2017,Totale,1102,
Sweden,2018,Totale,1495,
Sweden,2019,Totale,1684,
Sweden,2020,Totale,1076,
Sweden,2021,Totale,963,
Sweden,2022,Totale,1210,
Sweden,2023,Totale,1035,
Sweden,2024,Totale,822,
Sweden,2025,Totale,855,
Slovenia,2008,Totale,45,
Slovenia,2009,Totale,102,
Slovenia,2010,Totale,28,
Slovenia,2011,Totale,8,
Slovenia,2012,Totale,17,
Slovenia,2013,Totale,13,
Slovenia,2014,Totale,19,
Slovenia,2015,Totale,18,
Slovenia,2016,Totale,27,
Slovenia,2017,Totale,24,
Slovenia,2018,Totale,53,
Slovenia,2019,Totale,111,
Slovenia,2020,Totale,61,
Slovenia,2021,Totale,113,
Slovenia,2022,Totale,134,
Slovenia,2023,Totale,196,
Slovenia,2024,Totale,140,
Slovenia,2025,Totale,151,
Slovakia,2008,Totale,10,
Slovakia,2009,Totale,25,
Slovakia,2010,Totale,6,
Slovakia,2011,Totale,12,
Slovakia,2012,Totale,10,
Slovakia,2013,Totale,14,
Slovakia,2014,Totale,9,
Slovakia,2015,Totale,18,
Slovakia,2016,Totale,47,
Slovakia,2017,Totale,30,
Slovakia,2018,Totale,40,
Slovakia,2019,Totale,86,
Slovakia,2020,Totale,66,
Slovakia,2021,Totale,180,
Slovakia,2022,Totale,498,
Slovakia,2023,Totale,749,
Slovakia,2024,Totale,360,
Slovakia,2025,Totale,153,
United Kingdom,2008,Totale,1425,d
United Kingdom,2009,Totale,1524,d
United Kingdom,2010,Totale,1348,d
United Kingdom,2011,Totale,1144,d
United Kingdom,2012,Totale,1023,d
United Kingdom,2013,Totale,1202,d
United Kingdom,2014,Totale,1506,d
United Kingdom,2015,Totale,1800,d
United Kingdom,2016,Totale,2176,d
United Kingdom,2017,Totale,3273,
United Kingdom,2018,Totale,3250,
