paese,anno,residenti,flag
Austria,2001,1648,
Austria,2002,1594,
Austria,2003,1616,
Austria,2004,1540,
Austria,2005,1482,
Austria,2006,1523,
Austria,2007,1464,
Austria,2008,1494,
Austria,2009,1506,
Austria,2012,1568,
Austria,2013,1691,
Austria,2014,1840,
Austria,2015,2019,
Austria,2016,2243,
Austria,2017,2378,
Austria,2018,2563,
Austria,2019,2752,
Austria,2020,2909,
Austria,2021,3038,
Austria,2022,3240,
Austria,2023,3539,
Austria,2024,3905,
Austria,2025,4115,
Belgium,1999,0,
Belgium,2000,0,
Belgium,2001,744,
Belgium,2002,1042,
Belgium,2003,1421,
Belgium,2008,2941,
Belgium,2009,3207,p
Belgium,2010,3893,p
Belgium,2011,5251,b
Belgium,2012,6301,
Belgium,2013,5954,
Belgium,2014,5670,
Belgium,2015,6028,
Belgium,2016,6088,
Belgium,2017,6185,
Belgium,2018,6146,
Belgium,2019,6466,
Belgium,2020,6807,
Belgium,2021,7141,
Belgium,2022,7513,
Belgium,2023,8159,
Belgium,2024,8496,
Belgium,2025,9009,
Bulgaria,2008,247,
Bulgaria,2009,251,
Bulgaria,2010,263,
Bulgaria,2011,275,
Bulgaria,2012,286,
Bulgaria,2023,438,
Bulgaria,2024,520,
Bulgaria,2025,567,
Switzerland,1998,772,
Switzerland,1999,859,
Switzerland,2000,1014,
Switzerland,2001,1093,
Switzerland,2002,1144,
Switzerland,2003,1205,
Switzerland,2004,1236,
Switzerland,2005,1227,
Switzerland,2006,1218,
Switzerland,2007,1209,
Switzerland,2008,1162,
Switzerland,2009,1149,
Switzerland,2010,1160,
Switzerland,2011,1308,b
Switzerland,2012,1289,
Switzerland,2013,1302,
Switzerland,2014,1425,
Switzerland,2015,1488,
Switzerland,2016,1590,
Switzerland,2017,1696,
Switzerland,2018,1867,
Switzerland,2019,2113,
Switzerland,2020,2356,
Switzerland,2021,2644,
Czechia,2000,134,
Czechia,2001,113,
Czechia,2002,108,
Czechia,2003,130,
Czechia,2004,138,
Czechia,2005,148,
Czechia,2006,175,
Czechia,2007,210,
Czechia,2008,224,
Czechia,2009,230,
Czechia,2010,250,
Czechia,2011,265,
Czechia,2012,258,
Czechia,2013,252,
Czechia,2014,291,
Czechia,2015,299,
Czechia,2016,319,
Czechia,2017,374,
Czechia,2018,371,
Czechia,2019,443,
Czechia,2020,485,
Czechia,2021,432,b
Czechia,2022,469,
Czechia,2023,543,
Czechia,2024,630,
Czechia,2025,650,
Germany,1998,11343,
Germany,1999,11619,
Germany,2000,12107,
Germany,2001,11787,
Germany,2002,11702,
Germany,2003,11630,
Germany,2004,11513,
Germany,2005,10449,
Germany,2006,10362,
Germany,2007,10829,
Germany,2008,10713,
Germany,2009,10591,
Germany,2010,10663,
Germany,2012,10603,
Germany,2013,11676,
Germany,2014,14259,
Germany,2015,26183,b
Germany,2016,74615,
Germany,2017,49833,
Germany,2018,49224,
Germany,2019,56715,
Germany,2020,67847,
Germany,2021,76582,
Germany,2022,88385,
Germany,2023,93382,b
Germany,2024,109108,
Germany,2025,118697,
Denmark,1998,62,
Denmark,1999,76,
Denmark,2000,85,
Denmark,2001,99,
Denmark,2002,122,
Denmark,2003,139,
Denmark,2004,147,
Denmark,2005,185,
Denmark,2006,194,
Denmark,2007,201,
Denmark,2008,216,
Denmark,2009,215,
Denmark,2010,215,
Denmark,2011,230,
Denmark,2012,227,
Denmark,2013,233,
Denmark,2014,241,
Denmark,2015,261,
Denmark,2016,286,
Denmark,2017,295,
Denmark,2018,313,
Denmark,2019,346,
Denmark,2020,366,
Denmark,2021,378,
Denmark,2022,415,
Estonia,2000,0,
Estonia,2014,9,
Estonia,2015,10,
Estonia,2016,23,
Estonia,2017,35,
Estonia,2018,36,
Estonia,2019,36,
Estonia,2020,43,
Estonia,2022,58,
Estonia,2023,63,
Estonia,2024,65,
Estonia,2025,63,
Greece,1998,6128,
Greece,2001,438036,
Finland,1998,26,
Finland,1999,30,
Finland,2000,34,
Finland,2001,42,
Finland,2002,54,
Finland,2003,62,
Finland,2004,73,
Finland,2005,92,
Finland,2006,91,
Finland,2007,104,
Finland,2008,117,
Finland,2009,138,
Finland,2010,144,
Finland,2011,141,
Finland,2012,159,
Finland,2013,183,
Finland,2014,223,
Finland,2015,263,
Finland,2016,327,
Finland,2017,407,
Finland,2018,469,
Finland,2019,568,
Finland,2020,686,
Finland,2021,828,
Finland,2022,1011,
Finland,2023,1331,
Finland,2024,1720,
Finland,2025,1925,
France,2015,13316,
France,2016,16541,
France,2017,20526,
France,2018,24388,
Hungary,1998,74,
Hungary,1999,108,
Hungary,2000,114,
Hungary,2001,85,
Hungary,2002,95,
Hungary,2003,82,
Hungary,2004,74,
Hungary,2005,66,
Hungary,2006,71,
Hungary,2007,78,
Hungary,2008,89,
Hungary,2010,101,
Hungary,2011,102,
Hungary,2012,86,
Hungary,2013,100,
Hungary,2014,145,
Hungary,2015,174,
Hungary,2016,193,
Hungary,2017,225,
Hungary,2018,273,
Hungary,2019,396,
Hungary,2020,494,
Hungary,2021,493,
Hungary,2022,546,
Hungary,2023,577,
Hungary,2024,615,
Hungary,2025,587,
Ireland,2007,673,b
Ireland,2008,716,
Ireland,2009,769,
Ireland,2010,779,
Ireland,2011,776,
Ireland,2017,735,
Ireland,2018,774,
Ireland,2019,903,
Ireland,2020,1029,
Ireland,2021,1014,
Ireland,2022,1090,
Ireland,2023,1408,
Ireland,2024,1423,
Ireland,2025,1657,
Iceland,1998,6,
Iceland,1999,10,
Iceland,2000,12,
Iceland,2001,19,
Iceland,2002,28,
Iceland,2003,30,
Iceland,2008,27,
Iceland,2010,9,
Iceland,2011,10,
Iceland,2012,13,
Iceland,2013,11,
Iceland,2014,14,
Iceland,2015,13,
Iceland,2016,19,
Iceland,2017,46,
Iceland,2018,86,
Iceland,2019,125,
Iceland,2020,148,
Iceland,2021,170,
Iceland,2022,193,
Iceland,2023,225,
Iceland,2024,249,
Iceland,2025,282,
Italy,1998,71866,
Italy,1999,93601,
Italy,2000,127136,
Italy,2002,173208,
Italy,2003,185933,
Italy,2004,233764,
Italy,2005,273748,
Italy,2006,296492,
Italy,2007,313921,
Italy,2008,364432,
Italy,2009,407617,
Italy,2010,430845,
Italy,2011,451365,
Italy,2012,466611,
Italy,2013,483131,
Italy,2014,488125,
Italy,2015,484482,
Italy,2016,455341,
Italy,2017,433250,
Italy,2018,422582,
Italy,2019,423212,b
Italy,2020,421591,
Italy,2021,433130,
Italy,2022,419987,
Italy,2023,416829,
Italy,2024,416229,
Italy,2025,414622,
Liechtenstein,2009,0,
Liechtenstein,2010,0,
Liechtenstein,2011,0,
Liechtenstein,2012,0,
Liechtenstein,2013,0,
Liechtenstein,2014,0,
Liechtenstein,2015,0,
Liechtenstein,2016,1,
Liechtenstein,2017,1,
Liechtenstein,2018,2,
Liechtenstein,2019,2,
Liechtenstein,2020,2,
Liechtenstein,2021,2,
Liechtenstein,2022,2,
Lithuania,2001,4,
Lithuania,2013,7,
Lithuania,2014,8,
Lithuania,2015,10,
Lithuania,2016,8,
Lithuania,2017,11,
Lithuania,2018,18,
Lithuania,2019,15,
Lithuania,2020,17,
Lithuania,2021,12,
Lithuania,2022,13,
Lithuania,2023,33,
Lithuania,2024,52,
Lithuania,2025,55,
Luxembourg,2001,309,
Luxembourg,2016,637,
Luxembourg,2017,659,b
Luxembourg,2018,623,
Luxembourg,2019,626,
Luxembourg,2020,700,
Luxembourg,2021,777,
Luxembourg,2022,873,
Luxembourg,2023,1009,
Luxembourg,2024,1106,
Luxembourg,2025,1163,
Latvia,1998,0,
Latvia,1999,0,
Latvia,2000,0,
Latvia,2001,3,
Latvia,2002,3,
Latvia,2003,2,
Latvia,2004,2,
Latvia,2005,4,
Latvia,2006,2,
Latvia,2007,4,
Latvia,2012,3,
Latvia,2013,3,
Latvia,2014,4,
Latvia,2015,6,
Latvia,2016,3,
Latvia,2017,4,
Latvia,2018,5,
Latvia,2019,7,
Latvia,2020,10,
Latvia,2021,10,
Latvia,2022,14,
Latvia,2023,6,
Latvia,2024,5,
Latvia,2025,6,
Moldova,2005,1,
Montenegro,2011,1173,
Netherlands,1998,445,
Netherlands,1999,445,
Netherlands,2000,345,
Netherlands,2001,330,
Netherlands,2002,358,
Netherlands,2003,380,
Netherlands,2004,389,
Netherlands,2005,409,
Netherlands,2006,401,
Netherlands,2007,384,
Netherlands,2008,372,
Netherlands,2009,411,
Netherlands,2010,492,
Netherlands,2011,502,
Netherlands,2012,512,
Netherlands,2013,548,
Netherlands,2014,571,
Netherlands,2015,676,
Netherlands,2016,795,
Netherlands,2017,974,
Netherlands,2018,1084,
Netherlands,2019,1247,
Netherlands,2020,1488,
Netherlands,2021,1577,
Netherlands,2022,1698,
Netherlands,2023,1897,
Netherlands,2024,2019,
Netherlands,2025,2104,
Norway,1998,101,
Norway,2000,133,
Norway,2001,132,
Norway,2002,138,
Norway,2003,160,
Norway,2004,167,
Norway,2005,208,
Norway,2006,232,
Norway,2007,261,
Norway,2008,269,
Norway,2009,288,
Norway,2010,296,
Norway,2011,297,
Norway,2012,308,
Norway,2013,338,
Norway,2014,377,
Norway,2015,417,
Norway,2016,528,
Norway,2017,629,
Norway,2018,761,
Norway,2019,873,
Norway,2020,1037,
Norway,2021,1081,
Norway,2022,1156,
Norway,2023,1262,
Norway,2024,1324,
Norway,2025,1349,
Poland,2002,26,
Poland,2007,26,
Poland,2008,24,
Portugal,1998,8,
Portugal,1999,8,
Portugal,2000,11,
Portugal,2001,18,
Portugal,2002,22,
Portugal,2003,24,
Portugal,2007,54,
Portugal,2008,60,
Portugal,2009,53,
Portugal,2010,42,
Portugal,2011,37,
Portugal,2012,35,
Portugal,2013,35,
Portugal,2014,33,
Portugal,2015,31,
Portugal,2016,35,
Portugal,2017,44,
Portugal,2018,54,
Portugal,2019,65,
Portugal,2020,65,
Portugal,2021,72,
Portugal,2022,79,
Portugal,2023,93,
Portugal,2024,113,
Romania,2012,805,p
Romania,2013,764,
Romania,2014,782,
Romania,2015,807,
Romania,2016,908,
Romania,2017,912,
Romania,2018,908,
Romania,2019,910,
Romania,2020,1046,e
Romania,2021,1052,
Romania,2022,1033,e
Romania,2023,1107,e
Romania,2024,909,e
Romania,2025,958,e
Sweden,1998,133,
Sweden,1999,145,
Sweden,2000,160,
Sweden,2001,212,
Sweden,2002,228,
Sweden,2003,257,
Sweden,2004,296,
Sweden,2005,334,
Sweden,2006,371,
Sweden,2007,469,
Sweden,2008,496,
Sweden,2009,533,
Sweden,2010,596,
Sweden,2011,689,
Sweden,2012,685,
Sweden,2013,822,
Sweden,2014,931,
Sweden,2015,1128,
Sweden,2016,1496,
Sweden,2017,2072,
Sweden,2018,2889,
Sweden,2019,4115,
Sweden,2020,5474,
Sweden,2021,6184,
Sweden,2022,6628,
Sweden,2023,7042,
Sweden,2024,7033,
Sweden,2025,6600,
Slovenia,1998,59,
Slovenia,1999,36,
Slovenia,2000,67,
Slovenia,2001,46,
Slovenia,2002,54,
Slovenia,2003,46,
Slovenia,2004,44,
Slovenia,2005,33,
Slovenia,2006,35,
Slovenia,2007,33,
Slovenia,2008,32,
Slovenia,2009,36,b
Slovenia,2010,59,
Slovenia,2011,59,
Slovenia,2012,53,
Slovenia,2013,67,
Slovenia,2014,69,
Slovenia,2015,73,
Slovenia,2016,87,
Slovenia,2017,93,
Slovenia,2018,96,
Slovenia,2019,109,
Slovenia,2020,130,
Slovenia,2021,156,
Slovenia,2022,168,
Slovenia,2023,211,
Slovenia,2024,259,
Slovenia,2025,303,
Slovakia,2004,16,b
Slovakia,2005,11,
Slovakia,2006,19,
Slovakia,2007,24,
Slovakia,2008,28,
Slovakia,2009,79,b
Slovakia,2010,88,
Slovakia,2011,92,
Slovakia,2012,98,
Slovakia,2013,97,
Slovakia,2014,84,
Slovakia,2015,90,
Slovakia,2016,91,
Slovakia,2017,103,
Slovakia,2018,111,
Slovakia,2019,118,
Slovakia,2020,134,
Slovakia,2021,151,
Slovakia,2022,149,
Slovakia,2023,166,
Slovakia,2024,174,
Slovakia,2025,177,
Türkiye,2014,1451,
Türkiye,2015,1651,
Türkiye,2016,1997,
Türkiye,2017,2423,
Türkiye,2018,2908,
Türkiye,2019,3047,
Türkiye,2020,3003,
Türkiye,2023,2670,
Türkiye,2024,2328,
Türkiye,2025,2037,
United Kingdom,2001,11467,
United Kingdom,2003,7883,
United Kingdom,2004,9184,
United Kingdom,2005,10481,
