paese,anno,albanesi
Libya,1990,315
South Africa,1990,110
Guinea,1990,0
Mali,1990,0
Cyprus,1990,69
Georgia,1990,0
Bulgaria,1990,103
Hungary,1990,96
Romania,1990,633
Slovakia,1990,6
Denmark,1990,5
Estonia,1990,0
Finland,1990,0
Iceland,1990,10
Latvia,1990,4
Lithuania,1990,11
Norway,1990,21
Sweden,1990,150
Croatia,1990,122
Greece,1990,63963
Italy,1990,60088
Malta,1990,16
Montenegro,1990,2511
North Macedonia,1990,45001
Portugal,1990,11
San Marino,1990,27
Serbia,1990,1078
Slovenia,1990,15
Austria,1990,931
Belgium,1990,691
France,1990,1134
Liechtenstein,1990,0
Luxembourg,1990,290
Cuba,1990,242
Costa Rica,1990,2
Bolivia (Plurinational State of),1990,6
Chile,1990,22
Colombia,1990,30
Venezuela (Bolivarian Republic of),1990,17
Canada,1990,195
Australia,1990,822
Libya,1995,266
South Africa,1995,51
Guinea,1995,0
Mali,1995,0
Cyprus,1995,98
Georgia,1995,0
Bulgaria,1995,316
Hungary,1995,113
Romania,1995,659
Slovakia,1995,29
Denmark,1995,31
Estonia,1995,0
Finland,1995,17
Iceland,1995,15
Latvia,1995,6
Lithuania,1995,9
Norway,1995,81
Sweden,1995,243
Croatia,1995,83
Greece,1995,230218
Italy,1995,94077
Malta,1995,19
Montenegro,1995,2511
North Macedonia,1995,58009
Portugal,1995,24
San Marino,1995,28
Serbia,1995,323
Slovenia,1995,51
Austria,1995,1285
Belgium,1995,865
France,1995,1840
Liechtenstein,1995,0
Luxembourg,1995,275
Cuba,1995,184
Costa Rica,1995,2
Bolivia (Plurinational State of),1995,3
Chile,1995,28
Colombia,1995,12
Venezuela (Bolivarian Republic of),1995,16
Canada,1995,1178
Australia,1995,1119
Libya,2000,223
South Africa,2000,24
Guinea,2000,0
Mali,2000,0
Cyprus,2000,126
Georgia,2000,11
Bulgaria,2000,528
Hungary,2000,129
Romania,2000,685
Slovakia,2000,60
Denmark,2000,86
Estonia,2000,0
Finland,2000,34
Iceland,2000,20
Latvia,2000,8
Lithuania,2000,6
Norway,2000,149
Sweden,2000,351
Croatia,2000,157
Greece,2000,400253
Italy,2000,141643
Malta,2000,48
Montenegro,2000,2511
North Macedonia,2000,69367
Portugal,2000,40
San Marino,2000,31
Serbia,2000,263
Slovenia,2000,76
Austria,2000,1758
Belgium,2000,1080
France,2000,3185
Liechtenstein,2000,0
Luxembourg,2000,264
Cuba,2000,226
Costa Rica,2000,3
Bolivia (Plurinational State of),2000,0
Chile,2000,36
Colombia,2000,12
Venezuela (Bolivarian Republic of),2000,16
Canada,2000,4254
Australia,2000,1529
Libya,2005,245
South Africa,2005,30
Guinea,2005,0
Mali,2005,0
Cyprus,2005,190
Georgia,2005,10
Bulgaria,2005,785
Hungary,2005,159
Romania,2005,711
Slovakia,2005,68
Denmark,2005,183
Estonia,2005,0
Finland,2005,114
Iceland,2005,30
Latvia,2005,7
Lithuania,2005,6
Norway,2005,274
Sweden,2005,647
Croatia,2005,165
Greece,2005,423598
Italy,2005,260914
Malta,2005,76
Montenegro,2005,2511
North Macedonia,2005,69782
Portugal,2005,45
San Marino,2005,30
Serbia,2005,292
Slovenia,2005,49
Austria,2005,2368
Belgium,2005,2946
France,2005,5816
Liechtenstein,2005,0
Luxembourg,2005,229
Cuba,2005,40
Costa Rica,2005,3
Bolivia (Plurinational State of),2005,1
Chile,2005,53
Colombia,2005,38
Venezuela (Bolivarian Republic of),2005,16
Canada,2005,9657
Australia,2005,2281
Libya,2010,268
South Africa,2010,55
Guinea,2010,0
Mali,2010,1028
Cyprus,2010,291
Georgia,2010,10
Bulgaria,2010,1028
Hungary,2010,189
Romania,2010,738
Slovakia,2010,76
Denmark,2010,257
Estonia,2010,7
Finland,2010,174
Iceland,2010,39
Latvia,2010,7
Lithuania,2010,4
Norway,2010,435
Sweden,2010,1209
Croatia,2010,172
Greece,2010,463157
Italy,2010,386978
Malta,2010,63
Montenegro,2010,2015
North Macedonia,2010,70230
Portugal,2010,44
San Marino,2010,30
Serbia,2010,394
Slovenia,2010,96
Austria,2010,2694
Belgium,2010,6820
France,2010,7342
Liechtenstein,2010,0
Luxembourg,2010,197
Cuba,2010,6
Costa Rica,2010,5
Bolivia (Plurinational State of),2010,1
Chile,2010,79
Colombia,2010,72
Venezuela (Bolivarian Republic of),2010,18
Canada,2010,13414
Australia,2010,2872
Libya,2015,300
South Africa,2015,100
Guinea,2015,11
Mali,2015,1264
Cyprus,2015,266
Georgia,2015,10
Bulgaria,2015,990
Hungary,2015,228
Romania,2015,764
Slovakia,2015,99
Denmark,2015,367
Estonia,2015,20
Finland,2015,336
Iceland,2015,45
Latvia,2015,9
Lithuania,2015,4
Norway,2015,969
Sweden,2015,2320
Croatia,2015,173
Greece,2015,436566
Italy,2015,418672
Malta,2015,106
Montenegro,2015,2754
North Macedonia,2015,67799
Portugal,2015,50
San Marino,2015,37
Serbia,2015,534
Slovenia,2015,148
Austria,2015,3508
Belgium,2015,9614
France,2015,17618
Liechtenstein,2015,0
Luxembourg,2015,300
Cuba,2015,1
Costa Rica,2015,4
Bolivia (Plurinational State of),2015,2
Chile,2015,133
Colombia,2015,124
Venezuela (Bolivarian Republic of),2015,19
Canada,2015,15850
Australia,2015,3447
Libya,2020,320
South Africa,2020,182
Guinea,2020,9
Mali,2020,1482
Cyprus,2020,274
Georgia,2020,9
Bulgaria,2020,1351
Hungary,2020,503
Romania,2020,789
Slovakia,2020,133
Denmark,2020,625
Estonia,2020,41
Finland,2020,706
Iceland,2020,220
Latvia,2020,12
Lithuania,2020,28
Norway,2020,2174
Sweden,2020,7495
Croatia,2020,160
Greece,2020,446614
Italy,2020,493666
Malta,2020,229
Montenegro,2020,2763
North Macedonia,2020,68113
Portugal,2020,55
San Marino,2020,39
Serbia,2020,722
Slovenia,2020,146
Austria,2020,4820
Belgium,2020,12749
France,2020,34341
Liechtenstein,2020,2
Luxembourg,2020,1058
Cuba,2020,0
Costa Rica,2020,4
Bolivia (Plurinational State of),2020,1
Chile,2020,309
Colombia,2020,190
Venezuela (Bolivarian Republic of),2020,17
Canada,2020,17525
Australia,2020,3973
Libya,2024,338
South Africa,2024,243
Guinea,2024,9
Mali,2024,1663
Cyprus,2024,291
Georgia,2024,9
Bulgaria,2024,1858
Hungary,2024,593
Romania,2024,810
Slovakia,2024,145
Denmark,2024,1237
Estonia,2024,42
Finland,2024,831
Iceland,2024,332
Latvia,2024,11
Lithuania,2024,29
Norway,2024,2417
Sweden,2024,11986
Croatia,2024,152
Greece,2024,474441
Italy,2024,542638
Malta,2024,398
Montenegro,2024,2741
North Macedonia,2024,68356
Portugal,2024,62
San Marino,2024,41
Serbia,2024,853
Slovenia,2024,166
Austria,2024,6148
Belgium,2024,16175
France,2024,54967
Liechtenstein,2024,2
Luxembourg,2024,1222
Cuba,2024,0
Costa Rica,2024,5
Bolivia (Plurinational State of),2024,1
Chile,2024,341
Colombia,2024,236
Venezuela (Bolivarian Republic of),2024,16
Canada,2024,20718
Australia,2024,4105
